-- Seed responsables reelles (CSV + XLSX)
-- Genere automatiquement par script/build_seed_responsables.py

insert into role (id_role, libelle, description, niveau_hierarchique, is_global) values
  ('role-assistante-de-communication-et-relations-publiques', 'Assistante de communication et relations publiques', 'Import CSV/XLSX', 10, true),
  ('role-assistante-de-direction', 'Assistante de Direction', 'Import CSV/XLSX', 10, true),
  ('role-chef-du-departement', 'Chef du département', 'Import CSV/XLSX', 10, true),
  ('role-cheffe-du-departement-geii', 'Cheffe du département GEII', 'Import CSV/XLSX', 10, true),
  ('role-contact-formation-continue', 'Contact formation continue', 'Import CSV/XLSX', 10, true),
  ('role-contact-parcours-maef-l3', 'Contact parcours MAEF (L3)', 'Import CSV/XLSX', 10, true),
  ('role-contact-secretariat', 'Contact (secrétariat)', 'Import CSV/XLSX', 10, true),
  ('role-coordinatrice-administrative-et-pedagogique-du-departement', 'Coordinatrice administrative et pédagogique du département', 'Import CSV/XLSX', 10, true),
  ('role-coordonnatrice-cellule-recherche', 'Coordonnatrice cellule recherche', 'Import CSV/XLSX', 10, true),
  ('role-directeur', 'Directeur', 'Import CSV/XLSX', 10, true),
  ('role-directeur-d-etudes-l3', 'Directeur d''études L3', 'Import CSV/XLSX', 10, true),
  ('role-directeur-lipn', 'Directeur (LIPN)', 'Import CSV/XLSX', 10, true),
  ('role-directrice', 'Directrice', 'Import CSV/XLSX', 10, true),
  ('role-directrice-administrative', 'Directrice administrative', 'Import CSV/XLSX', 10, true),
  ('role-directrice-administrative-adjointe', 'Directrice administrative adjointe', 'Import CSV/XLSX', 10, true),
  ('role-doyen-de-la-faculte', 'Doyen de la Faculté', 'Import CSV/XLSX', 10, true),
  ('role-gestionnaire-cellule-recherche', 'Gestionnaire cellule recherche', 'Import CSV/XLSX', 10, true),
  ('role-gestionnaire-logistique-gestionnaire-plannings-gestionnaire-scolarite', 'Gestionnaire logistique / Gestionnaire plannings / Gestionnaire scolarité', 'Import CSV/XLSX', 10, true),
  ('role-referente-handicap', 'Référente Handicap', 'Import CSV/XLSX', 10, true),
  ('role-referente-regime-special-d-etudes-rse', 'Référente Régime Spécial d’Études (RSE)', 'Import CSV/XLSX', 10, true),
  ('role-referente-ressources-humaines-assistante-de-prevention', 'Référente Ressources Humaines / Assistante de Prévention', 'Import CSV/XLSX', 10, true),
  ('role-secretariat-1ere-annee', 'Secrétariat (1ère année)', 'Import CSV/XLSX', 10, true),
  ('role-secretariat-2eme-annee', 'Secrétariat (2ème année)', 'Import CSV/XLSX', 10, true),
  ('role-secretariat-3eme-annee', 'Secrétariat (3ème année)', 'Import CSV/XLSX', 10, true),
  ('role-secretariat-de-direction', 'Secrétariat de direction', 'Import CSV/XLSX', 10, true),
  ('role-secretariat-de-la-licence-1ere-annee', 'Secrétariat de la licence (1ère année)', 'Import CSV/XLSX', 10, true),
  ('role-secretariat-de-la-licence-2eme-et-3eme-annees', 'Secrétariat de la licence (2ème et 3ème années)', 'Import CSV/XLSX', 10, true),
  ('role-secretariat-dut', 'Secrétariat (DUT)', 'Import CSV/XLSX', 10, true),
  ('role-secretariat-parcours-mim-mer', 'Secrétariat (parcours MIM/MER)', 'Import CSV/XLSX', 10, true),
  ('role-secretariat-pedagogique', 'Secrétariat pédagogique', 'Import CSV/XLSX', 10, true),
  ('role-secretariat-pedagogique-as', 'Secrétariat pédagogique (AS)', 'Import CSV/XLSX', 10, true),
  ('role-secretariat-pedagogique-assc-gu', 'Secrétariat pédagogique (ASSC/GU)', 'Import CSV/XLSX', 10, true);

insert into entite_structure (id_entite, id_annee, id_entite_parent, type_entite, nom) values
  (1000, 3, null, 'COMPOSANTE', 'Faculté DSPS (Droit, Sciences politiques et sociales)'),
  (1028, 3, null, 'COMPOSANTE', 'UFR des Sciences de l’Information et de la Communication'),
  (1037, 3, null, 'COMPOSANTE', 'IUT de Villetaneuse'),
  (1046, 3, null, 'COMPOSANTE', 'IUT de Saint-Denis'),
  (1051, 3, null, 'COMPOSANTE', 'IUT de Bobigny'),
  (1061, 3, null, 'COMPOSANTE', 'Institut Galilée'),
  (1001, 3, 1000, 'DEPARTEMENT', 'Département Droit'),
  (1029, 3, 1028, 'DEPARTEMENT', 'Département Communication'),
  (1039, 3, 1037, 'DEPARTEMENT', 'Informatique'),
  (1042, 3, 1037, 'DEPARTEMENT', 'GEII'),
  (1044, 3, 1037, 'DEPARTEMENT', 'GMP'),
  (1047, 3, 1046, 'DEPARTEMENT', 'GMP'),
  (1049, 3, 1046, 'DEPARTEMENT', 'SGM'),
  (1052, 3, 1051, 'DEPARTEMENT', 'Génie biologique (GB)'),
  (1055, 3, 1051, 'DEPARTEMENT', 'GEA'),
  (1057, 3, 1051, 'DEPARTEMENT', 'Carrières sociales (CS)'),
  (1059, 3, 1051, 'DEPARTEMENT', 'MMI'),
  (1062, 3, 1061, 'DEPARTEMENT', 'Département Informatique'),
  (1067, 3, 1061, 'DEPARTEMENT', 'Département Physique'),
  (1070, 3, 1061, 'DEPARTEMENT', 'Département Mathématiques'),
  (1075, 3, 1061, 'DEPARTEMENT', 'Sup Galilée'),
  (1079, 3, 1061, 'DEPARTEMENT', 'Département Sup Galilée'),
  (1002, 3, 1001, 'MENTION', 'Administration Économique et Sociale (AES)'),
  (1009, 3, 1001, 'MENTION', 'Droit'),
  (1014, 3, 1001, 'MENTION', 'Sociologie et Science Politique'),
  (1018, 3, 1001, 'MENTION', 'Sciences Politiques'),
  (1020, 3, 1001, 'MENTION', 'Droit Notarial'),
  (1022, 3, 1001, 'MENTION', 'Science Politique'),
  (1031, 3, 1029, 'MENTION', 'Communication des organisations'),
  (1033, 3, 1029, 'MENTION', 'Métiers du livre et de l’édition'),
  (1035, 3, 1029, 'MENTION', 'Création numérique'),
  (1040, 3, 1039, 'MENTION', 'Informatique'),
  (1063, 3, 1062, 'MENTION', 'Informatique'),
  (1065, 3, 1062, 'MENTION', 'Informatique - mention Mathématiques'),
  (1068, 3, 1067, 'MENTION', 'Physique, Chimie'),
  (1071, 3, 1070, 'MENTION', 'Mathématiques'),
  (1073, 3, 1070, 'MENTION', 'MEEF'),
  (1077, 3, 1062, 'MENTION', 'Informatique (secrétariat)'),
  (1081, 3, 1079, 'MENTION', 'Institut Galilée – Cycle Licence 2025–2026'),
  (1083, 3, 1061, 'MENTION', 'Double Licence'),
  (1003, 3, 1002, 'PARCOURS', 'Tronc commun'),
  (1007, 3, 1001, 'PARCOURS', 'Tronc commun'),
  (1010, 3, 1009, 'PARCOURS', 'Tronc commun'),
  (1015, 3, 1014, 'PARCOURS', 'Tronc commun'),
  (1019, 3, 1018, 'PARCOURS', 'Tronc commun'),
  (1021, 3, 1020, 'PARCOURS', 'Tronc commun'),
  (1023, 3, 1022, 'PARCOURS', 'Tronc commun'),
  (1030, 3, 1029, 'PARCOURS', 'Tronc commun'),
  (1032, 3, 1031, 'PARCOURS', 'Tronc commun'),
  (1034, 3, 1033, 'PARCOURS', 'Tronc commun'),
  (1036, 3, 1035, 'PARCOURS', 'Tronc commun'),
  (1038, 3, 1037, 'PARCOURS', 'Tronc commun'),
  (1041, 3, 1040, 'PARCOURS', 'Tronc commun'),
  (1043, 3, 1042, 'PARCOURS', 'Tronc commun'),
  (1045, 3, 1044, 'PARCOURS', 'Tronc commun'),
  (1048, 3, 1047, 'PARCOURS', 'Tronc commun'),
  (1050, 3, 1049, 'PARCOURS', 'Tronc commun'),
  (1053, 3, 1052, 'PARCOURS', 'Tronc commun'),
  (1054, 3, 1051, 'PARCOURS', 'Tronc commun'),
  (1056, 3, 1055, 'PARCOURS', 'Tronc commun'),
  (1058, 3, 1057, 'PARCOURS', 'Tronc commun'),
  (1060, 3, 1059, 'PARCOURS', 'Tronc commun'),
  (1064, 3, 1063, 'PARCOURS', 'Tronc commun'),
  (1066, 3, 1065, 'PARCOURS', 'Tronc commun'),
  (1069, 3, 1068, 'PARCOURS', 'Tronc commun'),
  (1072, 3, 1071, 'PARCOURS', 'Tronc commun'),
  (1074, 3, 1073, 'PARCOURS', 'Tronc commun'),
  (1076, 3, 1075, 'PARCOURS', 'Tronc commun'),
  (1078, 3, 1077, 'PARCOURS', 'Tronc commun'),
  (1080, 3, 1079, 'PARCOURS', 'Tronc commun'),
  (1082, 3, 1081, 'PARCOURS', 'Tronc commun'),
  (1084, 3, 1083, 'PARCOURS', 'Tronc commun'),
  (1004, 3, 1003, 'NIVEAU', '1ère année'),
  (1005, 3, 1003, 'NIVEAU', '2ème année'),
  (1006, 3, 1003, 'NIVEAU', '3ème année - parcours Gestion publique et parcours Entreprise'),
  (1008, 3, 1007, 'NIVEAU', '1ère et 2ème année'),
  (1011, 3, 1010, 'NIVEAU', '1ère année'),
  (1012, 3, 1010, 'NIVEAU', '2ème année'),
  (1013, 3, 1010, 'NIVEAU', '3ème année'),
  (1016, 3, 1015, 'NIVEAU', '1ère et 2ème année'),
  (1017, 3, 1015, 'NIVEAU', '3ème année'),
  (1024, 3, 1010, 'NIVEAU', 'M1 - Parcours Droit des affaires'),
  (1025, 3, 1010, 'NIVEAU', 'M1 - Parcours Droit privé général'),
  (1026, 3, 1010, 'NIVEAU', 'M1 - Parcours Droit social et relations sociales dans l''entreprise'),
  (1027, 3, 1010, 'NIVEAU', 'M1 - Parcours Droit public interne européen et international'),
  (1085, 3, 1084, 'NIVEAU', '1ère année'),
  (1086, 3, 1084, 'NIVEAU', '2ème année'),
  (1087, 3, 1084, 'NIVEAU', '3ème année'),
  (1088, 3, 1064, 'NIVEAU', '1ère année N1'),
  (1089, 3, 1064, 'NIVEAU', '1ère année N2'),
  (1090, 3, 1064, 'NIVEAU', '2ème année'),
  (1091, 3, 1064, 'NIVEAU', '3ème année');

insert into composante (id_entite, site_web) values
  (1000, null),
  (1028, null),
  (1037, null),
  (1046, null),
  (1051, null),
  (1061, null);

insert into departement (id_entite, code_interne) values
  (1001, null),
  (1029, null),
  (1039, null),
  (1042, null),
  (1044, null),
  (1047, null),
  (1049, null),
  (1052, null),
  (1055, null),
  (1057, null),
  (1059, null),
  (1062, null),
  (1067, null),
  (1070, null),
  (1075, null),
  (1079, null);

insert into mention (id_entite, type_diplome) values
  (1002, null),
  (1009, null),
  (1014, null),
  (1018, null),
  (1020, null),
  (1022, null),
  (1031, null),
  (1033, null),
  (1035, null),
  (1040, null),
  (1063, null),
  (1065, null),
  (1068, null),
  (1071, null),
  (1073, null),
  (1077, null),
  (1081, null),
  (1083, null);

insert into parcours (id_entite, code_parcours) values
  (1003, null),
  (1007, null),
  (1010, null),
  (1015, null),
  (1019, null),
  (1021, null),
  (1023, null),
  (1030, null),
  (1032, null),
  (1034, null),
  (1036, null),
  (1038, null),
  (1041, null),
  (1043, null),
  (1045, null),
  (1048, null),
  (1050, null),
  (1053, null),
  (1054, null),
  (1056, null),
  (1058, null),
  (1060, null),
  (1064, null),
  (1066, null),
  (1069, null),
  (1072, null),
  (1074, null),
  (1076, null),
  (1078, null),
  (1080, null),
  (1082, null),
  (1084, null);

insert into niveau (id_entite, libelle_court) values
  (1004, null),
  (1005, null),
  (1006, null),
  (1008, null),
  (1011, null),
  (1012, null),
  (1013, null),
  (1016, null),
  (1017, null),
  (1024, null),
  (1025, null),
  (1026, null),
  (1027, null),
  (1085, null),
  (1086, null),
  (1087, null),
  (1088, null),
  (1089, null),
  (1090, null),
  (1091, null);

insert into utilisateur (id_user, login, nom, prenom, email_institutionnel, telephone, bureau, statut) values
  (1000, 'jamal.belhadj', 'BELHADJ', 'Jamal', null, null, null, 'ACTIF'),
  (1001, 'lilian.lahieyte', 'LAHIEYTE', 'Lilian', null, null, null, 'ACTIF'),
  (1002, 'xavier.dauchy', 'DAUCHY', 'Xavier', null, null, null, 'ACTIF'),
  (1003, 'paul.chauvin', 'CHAUVIN', 'Paul', null, null, null, 'ACTIF'),
  (1004, 'valrie.depadt', 'DEPADT', 'Valérie', null, null, null, 'ACTIF'),
  (1005, 'marine.they', 'THEY', 'Marine', null, null, null, 'ACTIF'),
  (1006, 'philippe.chauvir', 'CHAUVIRÉ', 'Philippe', null, null, null, 'ACTIF'),
  (1007, 'julien.cazala', 'CAZALA', 'Julien', null, null, null, 'ACTIF'),
  (1008, 'marie.collinot', 'COLLINOT', 'Marie', null, null, null, 'ACTIF'),
  (1009, 'nathalie.coutinet', 'COUTINET', 'Nathalie', null, null, null, 'ACTIF'),
  (1010, 'marie.loisonleruste', 'LOISON-LERUSTE', 'Marie', null, null, null, 'ACTIF'),
  (1011, 'julien.vitores', 'VITORES', 'Julien', null, null, null, 'ACTIF'),
  (1012, 'marie.loison', 'LOISON', 'Marie', null, null, null, 'ACTIF'),
  (1013, 'marthe.bouchet', 'BOUCHET', 'Marthe', null, null, null, 'ACTIF'),
  (1014, 'michel.sjean', 'SÉJEAN', 'Michel', null, null, null, 'ACTIF'),
  (1015, 'bernard.haftel', 'HAFTEL', 'Bernard', null, null, null, 'ACTIF'),
  (1016, 'claire.sjean', 'SÉJEAN', 'Claire', null, null, null, 'ACTIF'),
  (1017, 'antoine.pecoud', 'PECOUD', 'Antoine', null, null, null, 'ACTIF'),
  (1018, 'cline.bloudrey', 'BLOUD-REY', 'Céline', null, null, null, 'ACTIF'),
  (1019, 'anne.fauchon', 'FAUCHON', 'Anne', null, '+33 1 49 40 32 97', 'H 200 A', 'ACTIF'),
  (1020, 'anne.etienney', 'ETIENNEY', 'Anne', null, null, null, 'ACTIF'),
  (1021, 'magali.rousssel', 'ROUSSSEL', 'Magali', null, null, null, 'ACTIF'),
  (1022, 'catherine.fabregoule', 'FABREGOULE', 'Catherine', null, null, null, 'ACTIF'),
  (1023, 'jeanjacques.menuret', 'MENURET', 'Jean-Jacques', null, null, null, 'ACTIF'),
  (1024, 'lidwine.versaveaud', 'VERSAVEAUD', 'Lidwine', null, '+33 1 49 40 33 08', 'H 202 A', 'ACTIF'),
  (1025, 'sophie.lambert', 'LAMBERT', 'Sophie', null, '+33 1 49 40 33 03', 'H 214', 'ACTIF'),
  (1026, 'sandrine.seygnerole', 'SEYGNEROLE', 'Sandrine', null, '+33 1 49 40 32 97', 'H 200 A', 'ACTIF'),
  (1027, 'laura.tedeschi', 'TEDESCHI', 'Laura', null, '+33 1 49 40 32 84', 'H 202 B', 'ACTIF'),
  (1028, 'franoise.cyrille', 'CYRILLE', 'Françoise', null, '+33 1 49 40 44 75', 'H 213', 'ACTIF'),
  (1029, 'mlissa.boulange', 'BOULANGE', 'Mélissa', null, '+33 1 49 40 20 38', 'H 213', 'ACTIF'),
  (1030, 'elise.le.gouicmartun', 'LE GOUIC-MARTUN', 'Elise', null, '+33 1 49 40 33 06', 'H 200 B', 'ACTIF'),
  (1031, 'vronique.van.espen', 'VAN ESPEN', 'Véronique', null, '+33 1 49 40 33 11', 'H 209', 'ACTIF'),
  (1032, 'isabelle.potier', 'POTIER', 'Isabelle', null, '+33 1 49 40 40 12', 'H 216', 'ACTIF'),
  (1033, 'nawal.zidane', 'ZIDANE', 'Nawal', null, '+33 1 49 40 38 22', 'H 216', 'ACTIF'),
  (1034, 'sylvie.boitel', 'BOITEL', 'Sylvie', 'secdir.ufrcom@univ-paris13.fr', '+33 1 49 40 44 78', null, 'ACTIF'),
  (1035, 'sandra.celot', 'CELOT', 'Sandra', 'formationinitiale.ufrcom@univ-paris13.fr', null, null, 'ACTIF'),
  (1036, 'sandra.celot.2', 'CELOT', 'Sandra', 'formationapprentissage.ufrcom@univ-paris13.fr', null, null, 'ACTIF'),
  (1037, 'isabelle.auriel', 'AURIEL', 'Isabelle', 'formationcontinue.ufrcom@univ-paris13.fr', null, null, 'ACTIF'),
  (1038, 'sandra.celot.3', 'CELOT', 'Sandra', 'rse.sic@univ-paris13.fr', null, null, 'ACTIF'),
  (1039, 'yanita.andonova', 'ANDONOVA', 'Yanita', 'yanita.andonova@univ-paris13.fr', null, null, 'ACTIF'),
  (1040, 'khdidja.khamadj', 'KHAMADJ', 'Khédidja', 'master.comrhfi@univ-paris13.fr', '+33 1 49 40 32 72', 'G208', 'ACTIF'),
  (1041, 'khdidja.khamadj.2', 'KHAMADJ', 'Khédidja', 'master.comrhfc@univ-paris13.fr', '+33 1 49 40 32 72', 'G208', 'ACTIF'),
  (1042, 'amaia.errecart', 'ERRECART', 'Amaia', 'amaia.errecart@univ-paris13.fr', null, null, 'ACTIF'),
  (1043, 'philippe.fache', 'FACHE', 'Philippe', 'philippe.fache@univ-paris13.fr', null, null, 'ACTIF'),
  (1044, 'khdidja.khamadj.3', 'KHAMADJ', 'Khédidja', 'master.ce@univ-paris13.fr', '+33 1 49 40 32 72', 'G208', 'ACTIF'),
  (1045, 'grgory.jouanneaudamance', 'JOUANNEAU-DAMANCE', 'Grégory', 'gregory.jouanneau-damance@univ-paris13.fr', null, null, 'ACTIF'),
  (1046, 'nolle.poggioli', 'POGGIOLI', 'Noëlle', 'noelle.poggioli@univ-paris13.fr', null, null, 'ACTIF'),
  (1047, 'oriane.deseilligny', 'DESEILLIGNY', 'Oriane', 'oriane.deseilligny@univ-paris13.fr', null, null, 'ACTIF'),
  (1048, 'enjoye.lecun', 'LECUN', 'Enjoye', 'master.edition@univ-paris13.fr', '+33 1 49 40 30 36', 'G208', 'ACTIF'),
  (1049, 'nicolas.batteur', 'BATTEUR', 'Nicolas', 'nicolas.batteur@univ-paris13.fr', null, null, 'ACTIF'),
  (1050, 'estrella.rojas', 'ROJAS', 'Estrella', 'estrella.rojas@univ-paris13.fr', null, null, 'ACTIF'),
  (1051, 'octavie.rousseaux', 'ROUSSEAUX', 'Octavie', 'master.innovation@univ-paris13.fr', '+33 1 49 40 32 80', 'G210', 'ACTIF'),
  (1052, 'linda.el.alaoui', 'EL ALAOUI', 'Linda', 'linda.elaalaoui@univ-paris13.fr', null, null, 'ACTIF'),
  (1053, 'angela.djouadi', 'DJOUADI', 'Angela', 'angela.djouadi@univ-paris13.fr', '+33 1 49 40 30 61', 'R1-209', 'ACTIF'),
  (1054, 'samuel.nguefeu', 'NGUEFEU', 'Samuel', 'samuel.nguefeu@univ-paris13.fr', '+33 1 49 40 30 61', 'R1-209', 'ACTIF'),
  (1055, 'emmanuel.fayolle', 'FAYOLLE', 'Emmanuel', 'gmpdir.iutsd@univ-paris13.fr', null, null, 'ACTIF'),
  (1056, 'naoual.rakib', 'RAKIB', 'Naoual', 'gmpadm.iutsd@univ-paris13.fr', '+33 1 49 40 61 63', null, 'ACTIF'),
  (1057, 'milie.boncoeur', 'BONCOEUR', 'Émilie', 'emilie.boncoeur@univ-paris13.fr', '+33 1 48 38 84 52', null, 'ACTIF'),
  (1058, 'thierry.langles', 'LANGLES', 'Thierry', 'thierry.langles@univ-paris13.fr', '+33 1 48 38 88 09', 'M10', 'ACTIF'),
  (1059, 'brigitte.savry', 'SAVRY', 'Brigitte', 'brigitte.savry@univ-paris13.fr', '+33 1 48 38 88 45', 'M12', 'ACTIF'),
  (1060, 'katia.bellakhdar', 'BELLAKHDAR', 'Katia', 'katia.bellakhdar@univ-paris13.fr', '+33 1 48 38 88 23', 'M11', 'ACTIF'),
  (1061, 'vanessa.moretto', 'MORETTO', 'Vanessa', 'vanessa.moretto@univ-paris13.fr', '+33 1 48 38 72 46', 'M11', 'ACTIF'),
  (1062, 'csar.marc', 'MARC', 'César', 'marc.cesar@univ-paris13.fr', '+33 1 48 38 88 33', 'M22', 'ACTIF'),
  (1063, 'davina.cellini', 'CELLINI', 'Davina', 'davina.cellini@univ-paris13.fr', '+33 1 48 38 84 06', 'M18', 'ACTIF'),
  (1064, 'dragana.radosavljevic', 'RADOSAVLJEVIC', 'Dragana', 'dragana.radosavljevic@univ-paris13.fr', '+33 1 48 38 88 34', 'M19', 'ACTIF'),
  (1065, 'franoise.coffin', 'COFFIN', 'Françoise', 'françoise.coffin@univ-paris13.fr', '+33 1 48 38 73 72', 'M20', 'ACTIF'),
  (1066, 'prisca.luyanda', 'LUYANDA', 'Prisca', 'prisca.luyanda@univ-paris13.fr', '+33 1 48 38 88 34', null, 'ACTIF'),
  (1067, 'alice.herniaux', 'HERNIAUX', 'Alice', 'alice.herniaux@univ-paris13.fr', null, null, 'ACTIF'),
  (1068, 'mlanie.courtine', 'COURTINE', 'Mélanie', 'melanie.courtine@univ-paris13.fr', '+33 1 48 38 73 28', null, 'ACTIF'),
  (1069, 'christophe.fouquere', 'FOUQUERE', 'Christophe', null, null, null, 'ACTIF'),
  (1070, 'alain.rousseau', 'ROUSSEAU', 'Alain', null, null, null, 'ACTIF'),
  (1071, 'philippe.desmarest', 'DESMAREST', 'Philippe', null, null, null, 'ACTIF'),
  (1072, 'christian.ausoni', 'AUSONI', 'Christian', null, null, null, 'ACTIF'),
  (1073, 'isabelle.trouve', 'TROUVE', 'Isabelle', null, null, null, 'ACTIF'),
  (1074, 'maimouna.niakate', 'NIAKATE', 'Maimouna', 'maimouna.niakate@univ-paris13.fr', '+33 1 49 40 39 04', 'K 201 (UFR SEG)', 'ACTIF'),
  (1075, 'laurent.rigal', 'RIGAL', 'Laurent', 'math.master.galilee@univ-paris13.fr', '+33 1 49 40 44 58', null, 'ACTIF'),
  (1076, 'jeanphilippe.passarello', 'PASSARELLO', 'Jean-Philippe', 'energetique.sup.galilee@univ-paris13.fr', '+33 1 49 40 35 52', 'H 102', 'ACTIF'),
  (1077, 'frdric.roupin', 'ROUPIN', 'Frédéric', 'informatique.sup.galilee@univ-paris13.fr', '+33 1 49 40 40 91', 'H 104', 'ACTIF'),
  (1078, 'nadjib.achir', 'ACHIR', 'Nadjib', 'telecom.sup.galilee@univ-paris13.fr', '+33 1 49 40 36 45', 'H 101', 'ACTIF'),
  (1079, 'frdric.roupin.2', 'ROUPIN', 'Frédéric', 'apprentissage.sup.galilee@univ-paris13.fr', '+33 1 49 40 40 91', 'H 104', 'ACTIF'),
  (1080, 'anissa.mokraoui', 'MOKRAOUI', 'Anissa', null, '+33 1 49 40 28 59', 'E215', 'ACTIF'),
  (1081, 'grgory.ginot', 'Ginot', 'Grégory', null, '+33 1 49 40 38 92', 'B404', 'ACTIF'),
  (1082, 'damiano.mazza', 'Mazza', 'Damiano', null, null, 'A 208', 'ACTIF'),
  (1083, 'bruno.manil', 'MANIL', 'Bruno', 'directeur.galilee@univ-paris13.fr', '01 49 40 38 16', 'D 202', 'ACTIF'),
  (1084, 'valrie.boucard', 'BOUCARD', 'Valérie', 'direction.licence.galilee@univ-paris13.fr', '01 49 40 37 25', 'E111', 'ACTIF'),
  (1085, 'florence.baudin', 'BAUDIN', 'Florence', 'licence-master.ig@univ-paris13.fr', '01 49 40 36 54', 'H016', 'ACTIF'),
  (1086, 'loredana.yacoubi', 'YACOUBI', 'Loredana', 'licence.galilee@univ-paris13.fr', '01 49 40 36 59', 'H015', 'ACTIF'),
  (1087, 'pierre.rousselin', 'ROUSSELIN', 'Pierre', 'rousselin@math.univ-paris13.fr', null, 'A302', 'ACTIF'),
  (1088, 'charles.de.clercq', 'DE CLERCQ', 'Charles', 'declercq@math.univ-paris13.fr', '01 49 40 38 89', 'D409', 'ACTIF'),
  (1089, 'pierre.fouilhoux', 'FOUILHOUX', 'Pierre', 'fouilhoux@lipn.univ-paris13.fr', '01 49 40 40 71', 'A101', 'ACTIF'),
  (1090, 'henry.de.thelin', 'DE THELIN', 'Henry', 'dethelin@math.univ-paris13.fr', '01 49 40 35 75', 'D415', 'ACTIF'),
  (1091, 'serguei.lenglet', 'LENGLET', 'Serguei', 'serguei.lenglet@lipn.univ-paris13.fr', null, null, 'ACTIF'),
  (1092, 'stefano.guerrini', 'GUERRINI', 'Stefano', 'guerrini@lipn.univ-paris13.fr', '01 49 40 28 05', 'A205', 'ACTIF'),
  (1093, 'nadi.tomeh', 'TOMEH', 'Nadi', 'nadi.tomeh@lipn.univ-paris13.fr', '01 49 40 40 81', 'B308', 'ACTIF'),
  (1094, 'flavien.breuvart', 'BREUVART', 'Flavien', 'flavien.breuvart@lipn.univ-paris13.fr', '01 49 40 36 91', 'A209', 'ACTIF'),
  (1095, 'test.administrateur.2', 'ADMINISTRATEUR', 'Test', null, null, null, 'ACTIF'),
  (1096, 'test.directeur-composante', 'DIRECTEUR COMPOSANTE', 'Test', null, null, null, 'ACTIF'),
  (1097, 'test.directeur-departement', 'DIRECTEUR DEPARTEMENT', 'Test', null, null, null, 'ACTIF'),
  (1098, 'test.directeur-mention', 'DIRECTEUR MENTION', 'Test', null, null, null, 'ACTIF'),
  (1099, 'test.directeur-specialite', 'DIRECTEUR SPECIALITE', 'Test', null, null, null, 'ACTIF'),
  (1100, 'test.responsable-annee', 'RESPONSABLE ANNEE', 'Test', null, null, null, 'ACTIF'),
  (1101, 'test.responsable-formation', 'RESPONSABLE FORMATION', 'Test', null, null, null, 'ACTIF'),
  (1102, 'test.role-assistante-de-communication-et-relations-publiques', 'ROLE ASSISTANTE DE COMMUNICATION ET RELATIONS PUBLIQUES', 'Test', null, null, null, 'ACTIF'),
  (1103, 'test.role-assistante-de-direction', 'ROLE ASSISTANTE DE DIRECTION', 'Test', null, null, null, 'ACTIF'),
  (1104, 'test.role-chef-du-departement', 'ROLE CHEF DU DEPARTEMENT', 'Test', null, null, null, 'ACTIF'),
  (1105, 'test.role-cheffe-du-departement-geii', 'ROLE CHEFFE DU DEPARTEMENT GEII', 'Test', null, null, null, 'ACTIF'),
  (1106, 'test.role-contact-formation-continue', 'ROLE CONTACT FORMATION CONTINUE', 'Test', null, null, null, 'ACTIF'),
  (1107, 'test.role-contact-parcours-maef-l3', 'ROLE CONTACT PARCOURS MAEF L3', 'Test', null, null, null, 'ACTIF'),
  (1108, 'test.role-contact-secretariat', 'ROLE CONTACT SECRETARIAT', 'Test', null, null, null, 'ACTIF'),
  (1109, 'test.role-coordinatrice-administrative-et-pedagogique-du-departement', 'ROLE COORDINATRICE ADMINISTRATIVE ET PEDAGOGIQUE DU DEPARTEMENT', 'Test', null, null, null, 'ACTIF'),
  (1110, 'test.role-coordonnatrice-cellule-recherche', 'ROLE COORDONNATRICE CELLULE RECHERCHE', 'Test', null, null, null, 'ACTIF'),
  (1111, 'test.role-directeur', 'ROLE DIRECTEUR', 'Test', null, null, null, 'ACTIF'),
  (1112, 'test.role-directeur-d-etudes-l3', 'ROLE DIRECTEUR D ETUDES L3', 'Test', null, null, null, 'ACTIF'),
  (1113, 'test.role-directeur-lipn', 'ROLE DIRECTEUR LIPN', 'Test', null, null, null, 'ACTIF'),
  (1114, 'test.role-directrice', 'ROLE DIRECTRICE', 'Test', null, null, null, 'ACTIF'),
  (1115, 'test.role-directrice-administrative', 'ROLE DIRECTRICE ADMINISTRATIVE', 'Test', null, null, null, 'ACTIF'),
  (1116, 'test.role-directrice-administrative-adjointe', 'ROLE DIRECTRICE ADMINISTRATIVE ADJOINTE', 'Test', null, null, null, 'ACTIF'),
  (1117, 'test.role-doyen-de-la-faculte', 'ROLE DOYEN DE LA FACULTE', 'Test', null, null, null, 'ACTIF'),
  (1118, 'test.role-gestionnaire-cellule-recherche', 'ROLE GESTIONNAIRE CELLULE RECHERCHE', 'Test', null, null, null, 'ACTIF'),
  (1119, 'test.role-gestionnaire-logistique-gestionnaire-plannings-gestionnaire-scolarite', 'ROLE GESTIONNAIRE LOGISTIQUE GESTIONNAIRE PLANNINGS GESTIONNAIRE SCOLARITE', 'Test', null, null, null, 'ACTIF'),
  (1120, 'test.role-referente-handicap', 'ROLE REFERENTE HANDICAP', 'Test', null, null, null, 'ACTIF'),
  (1121, 'test.role-referente-regime-special-d-etudes-rse', 'ROLE REFERENTE REGIME SPECIAL D ETUDES RSE', 'Test', null, null, null, 'ACTIF'),
  (1122, 'test.role-referente-ressources-humaines-assistante-de-prevention', 'ROLE REFERENTE RESSOURCES HUMAINES ASSISTANTE DE PREVENTION', 'Test', null, null, null, 'ACTIF'),
  (1123, 'test.role-secretariat-1ere-annee', 'ROLE SECRETARIAT 1ERE ANNEE', 'Test', null, null, null, 'ACTIF'),
  (1124, 'test.role-secretariat-2eme-annee', 'ROLE SECRETARIAT 2EME ANNEE', 'Test', null, null, null, 'ACTIF'),
  (1125, 'test.role-secretariat-3eme-annee', 'ROLE SECRETARIAT 3EME ANNEE', 'Test', null, null, null, 'ACTIF'),
  (1126, 'test.role-secretariat-de-direction', 'ROLE SECRETARIAT DE DIRECTION', 'Test', null, null, null, 'ACTIF'),
  (1127, 'test.role-secretariat-de-la-licence-1ere-annee', 'ROLE SECRETARIAT DE LA LICENCE 1ERE ANNEE', 'Test', null, null, null, 'ACTIF'),
  (1128, 'test.role-secretariat-de-la-licence-2eme-et-3eme-annees', 'ROLE SECRETARIAT DE LA LICENCE 2EME ET 3EME ANNEES', 'Test', null, null, null, 'ACTIF'),
  (1129, 'test.role-secretariat-dut', 'ROLE SECRETARIAT DUT', 'Test', null, null, null, 'ACTIF'),
  (1130, 'test.role-secretariat-parcours-mim-mer', 'ROLE SECRETARIAT PARCOURS MIM MER', 'Test', null, null, null, 'ACTIF'),
  (1131, 'test.role-secretariat-pedagogique', 'ROLE SECRETARIAT PEDAGOGIQUE', 'Test', null, null, null, 'ACTIF'),
  (1132, 'test.role-secretariat-pedagogique-as', 'ROLE SECRETARIAT PEDAGOGIQUE AS', 'Test', null, null, null, 'ACTIF'),
  (1133, 'test.role-secretariat-pedagogique-assc-gu', 'ROLE SECRETARIAT PEDAGOGIQUE ASSC GU', 'Test', null, null, null, 'ACTIF'),
  (1134, 'test.services-centraux', 'SERVICES CENTRAUX', 'Test', null, null, null, 'ACTIF'),
  (1135, 'test.utilisateur-simple', 'UTILISATEUR SIMPLE', 'Test', null, null, null, 'ACTIF');

insert into affectation (id_affectation, id_user, id_role, id_entite, id_annee, date_debut, date_fin) values
  (2000, 1000, 'responsable-formation', 1004, 3, '2025-09-01', null),
  (2001, 1001, 'responsable-formation', 1005, 3, '2025-09-01', null),
  (2002, 1002, 'responsable-formation', 1006, 3, '2025-09-01', null),
  (2003, 1003, 'responsable-formation', 1008, 3, '2025-09-01', null),
  (2004, 1004, 'responsable-formation', 1011, 3, '2025-09-01', null),
  (2005, 1005, 'responsable-formation', 1011, 3, '2025-09-01', null),
  (2006, 1006, 'responsable-formation', 1012, 3, '2025-09-01', null),
  (2007, 1007, 'responsable-formation', 1013, 3, '2025-09-01', null),
  (2008, 1008, 'responsable-formation', 1007, 3, '2025-09-01', null),
  (2009, 1009, 'responsable-formation', 1007, 3, '2025-09-01', null),
  (2010, 1010, 'responsable-formation', 1016, 3, '2025-09-01', null),
  (2011, 1011, 'responsable-formation', 1017, 3, '2025-09-01', null),
  (2012, 1012, 'responsable-formation', 1019, 3, '2025-09-01', null),
  (2013, 1013, 'responsable-formation', 1010, 3, '2025-09-01', null),
  (2014, 1014, 'responsable-formation', 1010, 3, '2025-09-01', null),
  (2015, 1015, 'responsable-formation', 1021, 3, '2025-09-01', null),
  (2016, 1016, 'responsable-formation', 1021, 3, '2025-09-01', null),
  (2017, 1017, 'responsable-formation', 1023, 3, '2025-09-01', null),
  (2018, 1018, 'responsable-formation', 1007, 3, '2025-09-01', null),
  (2019, 1019, 'responsable-formation', 1024, 3, '2025-09-01', null),
  (2020, 1020, 'responsable-formation', 1025, 3, '2025-09-01', null),
  (2021, 1021, 'responsable-formation', 1026, 3, '2025-09-01', null),
  (2022, 1022, 'responsable-formation', 1027, 3, '2025-09-01', null),
  (2023, 1023, 'responsable-formation', 1027, 3, '2025-09-01', null),
  (2024, 1019, 'role-doyen-de-la-faculte', 1007, 3, '2025-09-01', null),
  (2025, 1024, 'role-directrice-administrative', 1007, 3, '2025-09-01', null),
  (2026, 1025, 'role-directrice-administrative-adjointe', 1007, 3, '2025-09-01', null),
  (2027, 1026, 'role-assistante-de-direction', 1007, 3, '2025-09-01', null),
  (2028, 1027, 'role-referente-ressources-humaines-assistante-de-prevention', 1007, 3, '2025-09-01', null),
  (2029, 1028, 'responsable-formation', 1007, 3, '2025-09-01', null),
  (2030, 1029, 'role-gestionnaire-logistique-gestionnaire-plannings-gestionnaire-scolarite', 1007, 3, '2025-09-01', null),
  (2031, 1030, 'role-assistante-de-communication-et-relations-publiques', 1007, 3, '2025-09-01', null),
  (2032, 1031, 'role-referente-handicap', 1007, 3, '2025-09-01', null),
  (2033, 1032, 'role-coordonnatrice-cellule-recherche', 1007, 3, '2025-09-01', null),
  (2034, 1033, 'role-gestionnaire-cellule-recherche', 1007, 3, '2025-09-01', null),
  (2035, 1034, 'role-assistante-de-direction', 1030, 3, '2025-09-01', null),
  (2036, 1035, 'responsable-formation', 1030, 3, '2025-09-01', null),
  (2037, 1036, 'responsable-formation', 1030, 3, '2025-09-01', null),
  (2038, 1037, 'responsable-formation', 1030, 3, '2025-09-01', null),
  (2039, 1038, 'role-referente-regime-special-d-etudes-rse', 1030, 3, '2025-09-01', null),
  (2040, 1039, 'responsable-formation', 1032, 3, '2025-09-01', null),
  (2041, 1040, 'role-secretariat-pedagogique', 1032, 3, '2025-09-01', null),
  (2042, 1041, 'role-secretariat-pedagogique', 1032, 3, '2025-09-01', null),
  (2043, 1035, 'responsable-formation', 1032, 3, '2025-09-01', null),
  (2044, 1037, 'responsable-formation', 1032, 3, '2025-09-01', null),
  (2045, 1042, 'responsable-formation', 1032, 3, '2025-09-01', null),
  (2046, 1043, 'responsable-formation', 1032, 3, '2025-09-01', null),
  (2047, 1044, 'role-secretariat-pedagogique', 1032, 3, '2025-09-01', null),
  (2048, 1045, 'responsable-formation', 1034, 3, '2025-09-01', null),
  (2049, 1046, 'responsable-formation', 1034, 3, '2025-09-01', null),
  (2050, 1047, 'responsable-formation', 1034, 3, '2025-09-01', null),
  (2051, 1048, 'role-secretariat-pedagogique', 1034, 3, '2025-09-01', null),
  (2052, 1049, 'responsable-formation', 1036, 3, '2025-09-01', null),
  (2053, 1050, 'responsable-formation', 1036, 3, '2025-09-01', null),
  (2054, 1051, 'role-secretariat-pedagogique', 1036, 3, '2025-09-01', null),
  (2055, 1052, 'responsable-formation', 1038, 3, '2025-09-01', null),
  (2056, 1053, 'role-cheffe-du-departement-geii', 1043, 3, '2025-09-01', null),
  (2057, 1054, 'responsable-formation', 1045, 3, '2025-09-01', null),
  (2058, 1055, 'role-chef-du-departement', 1048, 3, '2025-09-01', null),
  (2059, 1056, 'role-secretariat-de-direction', 1048, 3, '2025-09-01', null),
  (2060, 1057, 'responsable-formation', 1053, 3, '2025-09-01', null),
  (2061, 1058, 'responsable-formation', 1056, 3, '2025-09-01', null),
  (2062, 1058, 'role-chef-du-departement', 1056, 3, '2025-09-01', null),
  (2063, 1059, 'role-coordinatrice-administrative-et-pedagogique-du-departement', 1056, 3, '2025-09-01', null),
  (2064, 1060, 'role-secretariat-pedagogique', 1056, 3, '2025-09-01', null),
  (2065, 1061, 'role-secretariat-pedagogique', 1056, 3, '2025-09-01', null),
  (2066, 1062, 'role-chef-du-departement', 1058, 3, '2025-09-01', null),
  (2067, 1063, 'role-coordinatrice-administrative-et-pedagogique-du-departement', 1058, 3, '2025-09-01', null),
  (2068, 1064, 'role-secretariat-pedagogique-assc-gu', 1058, 3, '2025-09-01', null),
  (2069, 1065, 'role-secretariat-pedagogique-as', 1058, 3, '2025-09-01', null),
  (2070, 1066, 'role-secretariat-dut', 1058, 3, '2025-09-01', null),
  (2071, 1067, 'responsable-formation', 1060, 3, '2025-09-01', null),
  (2072, 1068, 'responsable-formation', 1060, 3, '2025-09-01', null),
  (2073, 1069, 'responsable-formation', 1064, 3, '2025-09-01', null),
  (2074, 1070, 'responsable-formation', 1066, 3, '2025-09-01', null),
  (2075, 1069, 'responsable-formation', 1066, 3, '2025-09-01', null),
  (2076, 1071, 'responsable-formation', 1069, 3, '2025-09-01', null),
  (2077, 1072, 'responsable-formation', 1072, 3, '2025-09-01', null),
  (2078, 1073, 'responsable-formation', 1072, 3, '2025-09-01', null),
  (2079, 1074, 'role-contact-parcours-maef-l3', 1072, 3, '2025-09-01', null),
  (2080, 1075, 'responsable-formation', 1074, 3, '2025-09-01', null),
  (2081, 1076, 'responsable-formation', 1076, 3, '2025-09-01', null),
  (2082, 1077, 'responsable-formation', 1076, 3, '2025-09-01', null),
  (2083, 1078, 'responsable-formation', 1076, 3, '2025-09-01', null),
  (2084, 1079, 'responsable-formation', 1076, 3, '2025-09-01', null),
  (2085, 1080, 'role-directrice', 1080, 3, '2025-09-01', null),
  (2086, 1081, 'role-directeur', 1080, 3, '2025-09-01', null),
  (2087, 1082, 'role-directeur-lipn', 1080, 3, '2025-09-01', null),
  (2088, 1083, 'directeur-mention', 1082, 3, '2025-09-01', null),
  (2089, 1084, 'directeur-mention', 1082, 3, '2025-09-01', null),
  (2090, 1085, 'responsable-formation', 1082, 3, '2025-09-01', null),
  (2091, 1086, 'responsable-formation', 1082, 3, '2025-09-01', null),
  (2092, 1087, 'responsable-formation', 1084, 3, '2025-09-01', null),
  (2093, 1087, 'responsable-annee', 1085, 3, '2025-09-01', null),
  (2094, 1087, 'responsable-annee', 1086, 3, '2025-09-01', null),
  (2095, 1088, 'responsable-annee', 1087, 3, '2025-09-01', null),
  (2096, 1089, 'responsable-formation', 1064, 3, '2025-09-01', null),
  (2097, 1090, 'responsable-annee', 1088, 3, '2025-09-01', null),
  (2098, 1091, 'responsable-annee', 1089, 3, '2025-09-01', null),
  (2099, 1092, 'responsable-annee', 1090, 3, '2025-09-01', null),
  (2100, 1093, 'responsable-annee', 1091, 3, '2025-09-01', null),
  (2101, 1094, 'role-directeur-d-etudes-l3', 1091, 3, '2025-09-01', null),
  (2102, 1095, 'administrateur', 1000, 3, '2025-09-01', null),
  (2103, 1096, 'directeur-composante', 1000, 3, '2025-09-01', null),
  (2104, 1097, 'directeur-departement', 1001, 3, '2025-09-01', null),
  (2105, 1098, 'directeur-mention', 1002, 3, '2025-09-01', null),
  (2106, 1099, 'directeur-specialite', 1003, 3, '2025-09-01', null),
  (2107, 1100, 'responsable-annee', 1004, 3, '2025-09-01', null),
  (2108, 1101, 'responsable-formation', 1003, 3, '2025-09-01', null),
  (2109, 1102, 'role-assistante-de-communication-et-relations-publiques', 1000, 3, '2025-09-01', null),
  (2110, 1103, 'role-assistante-de-direction', 1000, 3, '2025-09-01', null),
  (2111, 1104, 'role-chef-du-departement', 1000, 3, '2025-09-01', null),
  (2112, 1105, 'role-cheffe-du-departement-geii', 1000, 3, '2025-09-01', null),
  (2113, 1106, 'role-contact-formation-continue', 1000, 3, '2025-09-01', null),
  (2114, 1107, 'role-contact-parcours-maef-l3', 1000, 3, '2025-09-01', null),
  (2115, 1108, 'role-contact-secretariat', 1000, 3, '2025-09-01', null),
  (2116, 1109, 'role-coordinatrice-administrative-et-pedagogique-du-departement', 1000, 3, '2025-09-01', null),
  (2117, 1110, 'role-coordonnatrice-cellule-recherche', 1000, 3, '2025-09-01', null),
  (2118, 1111, 'role-directeur', 1000, 3, '2025-09-01', null),
  (2119, 1112, 'role-directeur-d-etudes-l3', 1000, 3, '2025-09-01', null),
  (2120, 1113, 'role-directeur-lipn', 1000, 3, '2025-09-01', null),
  (2121, 1114, 'role-directrice', 1000, 3, '2025-09-01', null),
  (2122, 1115, 'role-directrice-administrative', 1000, 3, '2025-09-01', null),
  (2123, 1116, 'role-directrice-administrative-adjointe', 1000, 3, '2025-09-01', null),
  (2124, 1117, 'role-doyen-de-la-faculte', 1000, 3, '2025-09-01', null),
  (2125, 1118, 'role-gestionnaire-cellule-recherche', 1000, 3, '2025-09-01', null),
  (2126, 1119, 'role-gestionnaire-logistique-gestionnaire-plannings-gestionnaire-scolarite', 1000, 3, '2025-09-01', null),
  (2127, 1120, 'role-referente-handicap', 1000, 3, '2025-09-01', null),
  (2128, 1121, 'role-referente-regime-special-d-etudes-rse', 1000, 3, '2025-09-01', null),
  (2129, 1122, 'role-referente-ressources-humaines-assistante-de-prevention', 1000, 3, '2025-09-01', null),
  (2130, 1123, 'role-secretariat-1ere-annee', 1000, 3, '2025-09-01', null),
  (2131, 1124, 'role-secretariat-2eme-annee', 1000, 3, '2025-09-01', null),
  (2132, 1125, 'role-secretariat-3eme-annee', 1000, 3, '2025-09-01', null),
  (2133, 1126, 'role-secretariat-de-direction', 1000, 3, '2025-09-01', null),
  (2134, 1127, 'role-secretariat-de-la-licence-1ere-annee', 1000, 3, '2025-09-01', null),
  (2135, 1128, 'role-secretariat-de-la-licence-2eme-et-3eme-annees', 1000, 3, '2025-09-01', null),
  (2136, 1129, 'role-secretariat-dut', 1000, 3, '2025-09-01', null),
  (2137, 1130, 'role-secretariat-parcours-mim-mer', 1000, 3, '2025-09-01', null),
  (2138, 1131, 'role-secretariat-pedagogique', 1000, 3, '2025-09-01', null),
  (2139, 1132, 'role-secretariat-pedagogique-as', 1000, 3, '2025-09-01', null),
  (2140, 1133, 'role-secretariat-pedagogique-assc-gu', 1000, 3, '2025-09-01', null),
  (2141, 1134, 'services-centraux', 1000, 3, '2025-09-01', null),
  (2142, 1135, 'utilisateur-simple', 1000, 3, '2025-09-01', null);

insert into contact_role (id_contact_role, id_affectation, email_fonctionnelle, type_email) values
  (3000, 2035, 'secdir.ufrcom@univ-paris13.fr', 'fonction'),
  (3001, 2036, 'formationinitiale.ufrcom@univ-paris13.fr', 'fonction'),
  (3002, 2037, 'formationapprentissage.ufrcom@univ-paris13.fr', 'fonction'),
  (3003, 2038, 'formationcontinue.ufrcom@univ-paris13.fr', 'fonction'),
  (3004, 2039, 'rse.sic@univ-paris13.fr', 'fonction'),
  (3005, 2040, 'yanita.andonova@univ-paris13.fr', 'fonction'),
  (3006, 2041, 'master.comrhfi@univ-paris13.fr', 'fonction'),
  (3007, 2042, 'master.comrhfc@univ-paris13.fr', 'fonction'),
  (3008, 2043, 'formationinitiale.ufrcom@univ-paris13.fr', 'fonction'),
  (3009, 2044, 'formationcontinue.ufrcom@univ-paris13.fr', 'fonction'),
  (3010, 2045, 'amaia.errecart@univ-paris13.fr', 'fonction'),
  (3011, 2046, 'philippe.fache@univ-paris13.fr', 'fonction'),
  (3012, 2047, 'master.ce@univ-paris13.fr', 'fonction'),
  (3013, 2048, 'gregory.jouanneau-damance@univ-paris13.fr', 'fonction'),
  (3014, 2049, 'noelle.poggioli@univ-paris13.fr', 'fonction'),
  (3015, 2050, 'oriane.deseilligny@univ-paris13.fr', 'fonction'),
  (3016, 2051, 'master.edition@univ-paris13.fr', 'fonction'),
  (3017, 2052, 'nicolas.batteur@univ-paris13.fr', 'fonction'),
  (3018, 2053, 'estrella.rojas@univ-paris13.fr', 'fonction'),
  (3019, 2054, 'master.innovation@univ-paris13.fr', 'fonction'),
  (3020, 2055, 'linda.elaalaoui@univ-paris13.fr', 'fonction'),
  (3021, 2056, 'angela.djouadi@univ-paris13.fr', 'fonction'),
  (3022, 2057, 'samuel.nguefeu@univ-paris13.fr', 'fonction'),
  (3023, 2058, 'gmpdir.iutsd@univ-paris13.fr', 'fonction'),
  (3024, 2059, 'gmpadm.iutsd@univ-paris13.fr', 'fonction'),
  (3025, 2060, 'emilie.boncoeur@univ-paris13.fr', 'fonction'),
  (3026, 2061, 'thierry.langles@univ-paris13.fr', 'fonction'),
  (3027, 2062, 'thierry.langles@univ-paris13.fr', 'fonction'),
  (3028, 2063, 'brigitte.savry@univ-paris13.fr', 'fonction'),
  (3029, 2064, 'katia.bellakhdar@univ-paris13.fr', 'fonction'),
  (3030, 2065, 'vanessa.moretto@univ-paris13.fr', 'fonction'),
  (3031, 2066, 'marc.cesar@univ-paris13.fr', 'fonction'),
  (3032, 2067, 'davina.cellini@univ-paris13.fr', 'fonction'),
  (3033, 2068, 'dragana.radosavljevic@univ-paris13.fr', 'fonction'),
  (3034, 2069, 'françoise.coffin@univ-paris13.fr', 'fonction'),
  (3035, 2070, 'prisca.luyanda@univ-paris13.fr', 'fonction'),
  (3036, 2071, 'alice.herniaux@univ-paris13.fr', 'fonction'),
  (3037, 2072, 'melanie.courtine@univ-paris13.fr', 'fonction'),
  (3038, 2079, 'maimouna.niakate@univ-paris13.fr', 'fonction'),
  (3039, 2080, 'math.master.galilee@univ-paris13.fr', 'fonction'),
  (3040, 2081, 'energetique.sup.galilee@univ-paris13.fr', 'fonction'),
  (3041, 2082, 'informatique.sup.galilee@univ-paris13.fr', 'fonction'),
  (3042, 2083, 'telecom.sup.galilee@univ-paris13.fr', 'fonction'),
  (3043, 2084, 'apprentissage.sup.galilee@univ-paris13.fr', 'fonction'),
  (3044, 2088, 'directeur.galilee@univ-paris13.fr', 'fonction'),
  (3045, 2089, 'direction.licence.galilee@univ-paris13.fr', 'fonction'),
  (3046, 2090, 'licence-master.ig@univ-paris13.fr', 'fonction'),
  (3047, 2091, 'licence.galilee@univ-paris13.fr', 'fonction'),
  (3048, 2092, 'rousselin@math.univ-paris13.fr', 'fonction'),
  (3049, 2093, 'rousselin@math.univ-paris13.fr', 'fonction'),
  (3050, 2094, 'rousselin@math.univ-paris13.fr', 'fonction'),
  (3051, 2095, 'declercq@math.univ-paris13.fr', 'fonction'),
  (3052, 2096, 'fouilhoux@lipn.univ-paris13.fr', 'fonction'),
  (3053, 2097, 'dethelin@math.univ-paris13.fr', 'fonction'),
  (3054, 2098, 'serguei.lenglet@lipn.univ-paris13.fr', 'fonction'),
  (3055, 2099, 'guerrini@lipn.univ-paris13.fr', 'fonction'),
  (3056, 2100, 'nadi.tomeh@lipn.univ-paris13.fr', 'fonction'),
  (3057, 2101, 'flavien.breuvart@lipn.univ-paris13.fr', 'fonction');

-- Recalage des sequences
select setval(pg_get_serial_sequence('entite_structure','id_entite'), (select max(id_entite) from entite_structure));
select setval(pg_get_serial_sequence('utilisateur','id_user'), (select max(id_user) from utilisateur));
select setval(pg_get_serial_sequence('affectation','id_affectation'), (select max(id_affectation) from affectation));
select setval(pg_get_serial_sequence('contact_role','id_contact_role'), (select max(id_contact_role) from contact_role));