-- Seed généré automatiquement depuis Annuaire.xlsx
-- script/seed_annuaire.py

BEGIN;

-- Vider toutes les tables (cascade)
TRUNCATE TABLE contact_role, affectation, delegation, demande_modification,
  demande_role, signalement, notification, journal_audit, organigramme,
  niveau, parcours, mention, departement, composante, entite_structure,
  utilisateur, role, type_diplome, annee_universitaire CASCADE;

-- Types de diplômes
INSERT INTO type_diplome (id_type_diplome, libelle, is_active) VALUES
  (1, 'Licence', true),
  (2, 'Licence professionnelle', true),
  (3, 'BUT', true),
  (4, 'Master', true),
  (5, 'Master professionnel', true),
  (6, 'Master recherche', true),
  (7, 'Ingénieur', true),
  (8, 'Doctorat', true),
  (9, 'DUT', true),
  (10, 'Diplôme d''État', true),
  (11, 'Diplôme d''études spécialisées', true),
  (12, 'Diplôme d''études spécialisées complémentaires', true),
  (13, 'Capacité', true),
  (14, 'Certificat de capacité', true),
  (15, 'DEUST', true),
  (16, 'DAEU', true),
  (17, 'Diplôme d''université', true),
  (18, 'DU', true),
  (19, 'DIU', true),
  (20, 'MBA', true),
  (21, 'MS', true),
  (22, 'MSc', true),
  (23, 'Magistère', true),
  (24, 'Titre d''ingénieur', true),
  (25, 'DNSEP', true),
  (26, 'DNAT', true),
  (27, 'BTS', true),
  (28, 'BTSA', true),
  (29, 'Classe préparatoire', true),
  (30, 'CPGE', true),
  (31, 'Certificat de spécialisation', true),
  (32, 'CQP', true),
  (33, 'Titre RNCP', true),
  (34, 'Certificat de compétences', true),
  (35, 'HDR', true),
  (36, 'Diplôme d''accès aux études universitaires', true),
  (37, 'Bachelor universitaire de technologie', true),
  (38, 'Diplôme national de master', true),
  (39, 'Diplôme de comptabilité et de gestion', true);
SELECT setval(pg_get_serial_sequence('type_diplome','id_type_diplome'), 39);

-- Rôles
INSERT INTO role (id_role, libelle, niveau_hierarchique, is_global, est_administratif, est_transverse) VALUES
  ('services-centraux', 'Services centraux', 0, true, false, false),
  ('administrateur', 'Administrateur', 0, true, false, false),
  ('directeur-composante', 'Directeur de composante', 1, false, false, false),
  ('directeur-administratif', 'Directeur administratif', 2, false, true, false),
  ('directeur-administratif-adjoint', 'Directeur administratif adjoint', 3, false, true, false),
  ('directeur-departement', 'Directeur de département', 4, false, false, false),
  ('vice-president-departement', 'Vice-président de département', 5, false, false, false),
  ('directeur-adjoint-licence', 'Directeur adjoint licence', 5, false, false, false),
  ('responsable-service-pedagogique', 'Responsable service pédagogique', 5, false, true, false),
  ('responsable-adjoint-service-pedagogique', 'Responsable adjoint service pédagogique', 6, false, true, false),
  ('directeur-mention', 'Directeur de mention', 6, false, false, false),
  ('directeur-specialite', 'Directeur de spécialité', 7, false, false, false),
  ('responsable-formation', 'Responsable de formation', 8, false, false, false),
  ('responsable-annee', 'Responsable d''année', 9, false, false, false),
  ('directeur-etudes', 'Directeur des études', 9, false, false, false),
  ('responsable-qualite', 'Responsable qualité', 10, false, false, true),
  ('responsable-international', 'Responsable international', 10, false, false, true),
  ('referent-commun', 'Référent commun', 10, false, false, true),
  ('directeur-adjoint-ecole', 'Directeur adjoint d''école', 10, false, false, true),
  ('secretariat-pedagogique', 'Secrétariat pédagogique', 11, false, true, false),
  ('utilisateur-simple', 'Utilisateur simple', 20, false, false, false),
  ('lecture-seule', 'Lecture seule', 99, true, false, false);

-- Année universitaire
INSERT INTO annee_universitaire (id_annee, libelle, date_debut, date_fin, statut) VALUES
  (1, '2025-2026', '2025-09-01', '2026-08-31', 'EN_COURS');
SELECT setval(pg_get_serial_sequence('annee_universitaire','id_annee'), 1);

-- Entités (215 au total)
INSERT INTO entite_structure (id_entite, id_annee, id_entite_parent, type_entite, nom) VALUES
  (2000, 1, NULL, 'COMPOSANTE', 'UFR Droit Sciences Politiques et Social'),
  (2001, 1, NULL, 'COMPOSANTE', 'UFR Lettres, Langues, Sciences Humaines et des Sociétés'),
  (2002, 1, NULL, 'COMPOSANTE', 'Institut Galilée'),
  (2003, 1, NULL, 'COMPOSANTE', 'IUT de Saint Denis'),
  (2004, 1, NULL, 'COMPOSANTE', 'IUT de Villetaneuse'),
  (2005, 1, NULL, 'COMPOSANTE', 'UFR Santé Médecine et Biologie Humaine'),
  (2006, 1, NULL, 'COMPOSANTE', 'UFR Sciences de l’Information et de la Communication'),
  (2007, 1, NULL, 'COMPOSANTE', 'UFR des Sciences Economiques et de Gestion'),
  (2008, 1, NULL, 'COMPOSANTE', 'IUT de Bobigny'),
  (2009, 1, 2002, 'DEPARTEMENT', 'Informatique'),
  (2010, 1, 2002, 'DEPARTEMENT', 'Mathématiques'),
  (2011, 1, 2002, 'DEPARTEMENT', 'Physique'),
  (2012, 1, 2002, 'DEPARTEMENT', 'Chimie et Génie des Procédés'),
  (2013, 1, 2002, 'DEPARTEMENT', 'Langues, Culture et Communication'),
  (2014, 1, 2009, 'MENTION', 'Informatique'),
  (2015, 1, 2014, 'PARCOURS', 'Parcours aménagé'),
  (2016, 1, 2015, 'NIVEAU', 'L1'),
  (2017, 1, 2014, 'NIVEAU', 'L1'),
  (2018, 1, 2014, 'NIVEAU', 'L2'),
  (2019, 1, 2014, 'NIVEAU', 'L3'),
  (2020, 1, 2010, 'MENTION', 'Mathématiques'),
  (2021, 1, 2020, 'PARCOURS', 'Parcours aménagé'),
  (2022, 1, 2021, 'NIVEAU', 'L1'),
  (2023, 1, 2020, 'NIVEAU', 'L1'),
  (2024, 1, 2020, 'NIVEAU', 'L2'),
  (2025, 1, 2020, 'PARCOURS', 'Mathématiques appliquées à l''économie et à la finance'),
  (2026, 1, 2025, 'NIVEAU', 'L3'),
  (2027, 1, 2020, 'PARCOURS', 'Mathématiques et applications'),
  (2028, 1, 2027, 'NIVEAU', 'L3'),
  (2029, 1, 2020, 'PARCOURS', 'Mathématiques pour l''enseignement'),
  (2030, 1, 2029, 'NIVEAU', 'L3'),
  (2031, 1, 2020, 'PARCOURS', 'Assistant d''éducation'),
  (2032, 1, 2031, 'NIVEAU', 'L3'),
  (2033, 1, 2020, 'NIVEAU', 'L3'),
  (2034, 1, 2002, 'MENTION', 'Informatique-Mathématiques'),
  (2035, 1, 2034, 'PARCOURS', 'Double licence'),
  (2036, 1, 2035, 'NIVEAU', 'L1'),
  (2037, 1, 2035, 'NIVEAU', 'L2'),
  (2038, 1, 2035, 'NIVEAU', 'L3'),
  (2039, 1, 2002, 'MENTION', 'Physique-Chimie'),
  (2040, 1, 2039, 'PARCOURS', 'Parcours aménagé'),
  (2041, 1, 2040, 'NIVEAU', 'L1'),
  (2042, 1, 2039, 'PARCOURS', 'Accès santé'),
  (2043, 1, 2042, 'NIVEAU', 'L1'),
  (2044, 1, 2039, 'PARCOURS', 'Physique, chimie'),
  (2045, 1, 2044, 'NIVEAU', 'L1'),
  (2046, 1, 2039, 'PARCOURS', 'Technologique'),
  (2047, 1, 2046, 'NIVEAU', 'L2'),
  (2048, 1, 2044, 'NIVEAU', 'L2'),
  (2049, 1, 2044, 'NIVEAU', 'L3'),
  (2050, 1, 2039, 'NIVEAU', 'L1'),
  (2051, 1, 2039, 'NIVEAU', 'L2'),
  (2052, 1, 2039, 'NIVEAU', 'L3'),
  (2053, 1, 2011, 'MENTION', 'Sciences pour l''ingénieur'),
  (2054, 1, 2053, 'PARCOURS', 'Parcours aménagé'),
  (2055, 1, 2054, 'NIVEAU', 'L1'),
  (2056, 1, 2053, 'NIVEAU', 'L1'),
  (2057, 1, 2053, 'PARCOURS', 'Sciences pour l''Ingénieur'),
  (2058, 1, 2057, 'NIVEAU', 'L2'),
  (2059, 1, 2053, 'PARCOURS', 'Technologique'),
  (2060, 1, 2059, 'NIVEAU', 'L2'),
  (2061, 1, 2053, 'PARCOURS', 'Electronique, Signal, Réseaux'),
  (2062, 1, 2061, 'NIVEAU', 'L3'),
  (2063, 1, 2053, 'NIVEAU', 'L2'),
  (2064, 1, 2053, 'NIVEAU', 'L3'),
  (2065, 1, 2002, 'MENTION', 'Cumulatifs toutes mentions'),
  (2066, 1, 2012, 'MENTION', 'Génie des procédés et des bio-procédés'),
  (2067, 1, 2066, 'NIVEAU', 'M1'),
  (2068, 1, 2066, 'PARCOURS', 'Procédés pour la Qualité de l''Environnement (PQE)'),
  (2069, 1, 2068, 'NIVEAU', 'M2'),
  (2070, 1, 2066, 'PARCOURS', 'Génie des Procédés Innovants et Développement Durable (GPI2D)'),
  (2071, 1, 2070, 'NIVEAU', 'M2'),
  (2072, 1, 2014, 'NIVEAU', 'M1'),
  (2073, 1, 2014, 'PARCOURS', 'Exploration Informatique des Données et Décisionnel (EI2D)'),
  (2074, 1, 2073, 'NIVEAU', 'M2'),
  (2075, 1, 2014, 'PARCOURS', 'Programmation Sûreté et Sécurité (P2S)'),
  (2076, 1, 2075, 'NIVEAU', 'M2'),
  (2077, 1, 2011, 'MENTION', 'Ingénierie et Innovation en Images et Réseaux'),
  (2078, 1, 2077, 'NIVEAU', 'M1'),
  (2079, 1, 2077, 'PARCOURS', 'Réseaux'),
  (2080, 1, 2079, 'NIVEAU', 'M2'),
  (2081, 1, 2077, 'PARCOURS', 'Systèmes intelligents et Vision par ordinateur (SIVO)'),
  (2082, 1, 2081, 'NIVEAU', 'M2'),
  (2083, 1, 2020, 'NIVEAU', 'M1'),
  (2084, 1, 2020, 'PARCOURS', 'Mathématiques Fondamentales'),
  (2085, 1, 2084, 'NIVEAU', 'M2'),
  (2086, 1, 2020, 'PARCOURS', 'Mathématiques des Données'),
  (2087, 1, 2086, 'NIVEAU', 'M2'),
  (2088, 1, 2010, 'MENTION', 'MEEF'),
  (2089, 1, 2088, 'PARCOURS', 'Mathématiques'),
  (2090, 1, 2089, 'NIVEAU', 'M1'),
  (2091, 1, 2089, 'NIVEAU', 'M2'),
  (2092, 1, 2011, 'MENTION', 'Physique Fondamentale et Applications'),
  (2093, 1, 2092, 'PARCOURS', 'Technologies Quantiques'),
  (2094, 1, 2093, 'NIVEAU', 'M1'),
  (2095, 1, 2012, 'MENTION', 'Sciences et Génie des Matériaux'),
  (2096, 1, 2095, 'PARCOURS', 'Physique et mécanique des Matériaux (P2M)'),
  (2097, 1, 2096, 'NIVEAU', 'M1'),
  (2098, 1, 2095, 'PARCOURS', 'Ingénierie Biomédicale, Biomatériaux, Biomolécules (I3B)'),
  (2099, 1, 2098, 'NIVEAU', 'M1'),
  (2100, 1, 2095, 'PARCOURS', 'Modélisation et Simulation en Mécanique (MSM)'),
  (2101, 1, 2100, 'NIVEAU', 'M2'),
  (2102, 1, 2095, 'PARCOURS', 'Physique et Ingénierie des Matériaux (PIM)'),
  (2103, 1, 2102, 'NIVEAU', 'M2'),
  (2104, 1, 2095, 'PARCOURS', 'Ingénierie Biomédicale, Biomatériaux, Biomolécules (I3B) - FI'),
  (2105, 1, 2104, 'NIVEAU', 'M2'),
  (2106, 1, 2095, 'PARCOURS', 'Ingénierie Biomédicale, Biomatériaux, Biomolécules (I3B) - FA'),
  (2107, 1, 2106, 'NIVEAU', 'M2'),
  (2108, 1, 2002, 'MENTION', 'Transverse'),
  (2109, 1, 2002, 'MENTION', 'Cursus Préparatoire Ingénieur Intégré'),
  (2110, 1, 2109, 'NIVEAU', 'CP2I'),
  (2111, 1, 2109, 'NIVEAU', 'CP2I1'),
  (2112, 1, 2109, 'NIVEAU', 'CP2I2'),
  (2113, 1, 2108, 'NIVEAU', 'ING1'),
  (2114, 1, 2108, 'NIVEAU', 'ING2'),
  (2115, 1, 2108, 'NIVEAU', 'ING3'),
  (2116, 1, 2012, 'MENTION', 'Energétique'),
  (2117, 1, 2116, 'PARCOURS', 'FISE'),
  (2118, 1, 2117, 'NIVEAU', 'ING1'),
  (2119, 1, 2117, 'NIVEAU', 'ING2'),
  (2120, 1, 2117, 'NIVEAU', 'ING3'),
  (2121, 1, 2116, 'PARCOURS', 'FISA'),
  (2122, 1, 2121, 'NIVEAU', 'ING1'),
  (2123, 1, 2121, 'NIVEAU', 'ING2'),
  (2124, 1, 2121, 'NIVEAU', 'ING3'),
  (2125, 1, 2014, 'PARCOURS', 'FISE'),
  (2126, 1, 2125, 'NIVEAU', 'ING1'),
  (2127, 1, 2125, 'NIVEAU', 'ING2'),
  (2128, 1, 2125, 'NIVEAU', 'ING3'),
  (2129, 1, 2014, 'PARCOURS', 'FISA'),
  (2130, 1, 2129, 'NIVEAU', 'ING1'),
  (2131, 1, 2129, 'NIVEAU', 'ING2'),
  (2132, 1, 2129, 'NIVEAU', 'ING3'),
  (2133, 1, 2011, 'MENTION', 'Instrumentation'),
  (2134, 1, 2133, 'PARCOURS', 'FISE'),
  (2135, 1, 2134, 'NIVEAU', 'ING1'),
  (2136, 1, 2134, 'NIVEAU', 'ING2'),
  (2137, 1, 2134, 'NIVEAU', 'ING3'),
  (2138, 1, 2010, 'MENTION', 'Mathématiques Appliquées'),
  (2139, 1, 2138, 'PARCOURS', 'FISE'),
  (2140, 1, 2139, 'NIVEAU', 'ING1'),
  (2141, 1, 2139, 'NIVEAU', 'ING2'),
  (2142, 1, 2139, 'NIVEAU', 'ING3'),
  (2143, 1, 2011, 'MENTION', 'Télécommunications et réseaux'),
  (2144, 1, 2143, 'PARCOURS', 'FISE'),
  (2145, 1, 2144, 'NIVEAU', 'ING1'),
  (2146, 1, 2144, 'NIVEAU', 'ING2'),
  (2147, 1, 2144, 'NIVEAU', 'ING3'),
  (2148, 1, 2008, 'DEPARTEMENT', 'Carrières Sociales (CS)'),
  (2149, 1, 2148, 'MENTION', 'Carrières Sociales (CS)'),
  (2150, 1, 2149, 'PARCOURS', 'Animation Sociale et Socioculturelle (ASSC)'),
  (2151, 1, 2150, 'NIVEAU', 'BUT1'),
  (2152, 1, 2150, 'NIVEAU', 'BUT2'),
  (2153, 1, 2150, 'NIVEAU', 'BUT3'),
  (2154, 1, 2150, 'NIVEAU', 'BUT'),
  (2155, 1, 2149, 'PARCOURS', 'Assistance Sociale'),
  (2156, 1, 2155, 'NIVEAU', 'BUT1'),
  (2157, 1, 2155, 'NIVEAU', 'BUT2'),
  (2158, 1, 2155, 'NIVEAU', 'BUT3'),
  (2159, 1, 2155, 'NIVEAU', 'BUT'),
  (2160, 1, 2149, 'PARCOURS', 'Villes et Territoires Durables'),
  (2161, 1, 2160, 'NIVEAU', 'BUT1'),
  (2162, 1, 2160, 'NIVEAU', 'BUT2'),
  (2163, 1, 2160, 'NIVEAU', 'BUT3'),
  (2164, 1, 2160, 'NIVEAU', 'BUT'),
  (2165, 1, 2148, 'MENTION', 'Métiers de l''animation sociale, socio-éducative et socio-culturelle'),
  (2166, 1, 2165, 'NIVEAU', 'LPro'),
  (2167, 1, 2148, 'MENTION', 'Assistant de Service Social'),
  (2168, 1, 2167, 'NIVEAU', 'DE'),
  (2169, 1, 2008, 'DEPARTEMENT', 'Génie Biologique (GB)'),
  (2170, 1, 2169, 'MENTION', 'Génie Biologique (GB)'),
  (2171, 1, 2170, 'PARCOURS', 'Biologie Médicale et Biotechnologie'),
  (2172, 1, 2171, 'NIVEAU', 'BUT1'),
  (2173, 1, 2171, 'NIVEAU', 'BUT2'),
  (2174, 1, 2171, 'NIVEAU', 'BUT3'),
  (2175, 1, 2008, 'DEPARTEMENT', 'Gestion de Entreprises et des Administrations (GEA)'),
  (2176, 1, 2175, 'MENTION', 'Gestion de Entreprises et des Administrations (GEA)'),
  (2177, 1, 2176, 'PARCOURS', 'Commun FI'),
  (2178, 1, 2177, 'NIVEAU', 'BUT1'),
  (2179, 1, 2176, 'PARCOURS', 'Gestion Comptable, Fiscale et Financière (GC2F)'),
  (2180, 1, 2179, 'NIVEAU', 'BUT1'),
  (2181, 1, 2179, 'NIVEAU', 'BUT2'),
  (2182, 1, 2179, 'NIVEAU', 'BUT3'),
  (2183, 1, 2176, 'PARCOURS', 'Contrôle de Gestion et Pilotage de la Performance (CG2P)'),
  (2184, 1, 2183, 'NIVEAU', 'BUT1'),
  (2185, 1, 2183, 'NIVEAU', 'BUT2'),
  (2186, 1, 2183, 'NIVEAU', 'BUT3'),
  (2187, 1, 2176, 'PARCOURS', 'Gestion , Entrepreneuriat et Management d''Activités (GEMA)'),
  (2188, 1, 2187, 'NIVEAU', 'BUT1'),
  (2189, 1, 2187, 'NIVEAU', 'BUT2'),
  (2190, 1, 2187, 'NIVEAU', 'BUT3'),
  (2191, 1, 2008, 'DEPARTEMENT', 'Métiers du Multimédia et de l''Internet (MMI)'),
  (2192, 1, 2191, 'MENTION', 'Métiers du Multimédia et de l''Internet (MMI)'),
  (2193, 1, 2192, 'PARCOURS', 'FI'),
  (2194, 1, 2193, 'NIVEAU', 'BUT'),
  (2195, 1, 2192, 'PARCOURS', 'Création Numérique (CN)'),
  (2196, 1, 2195, 'NIVEAU', 'BUT1'),
  (2197, 1, 2192, 'PARCOURS', 'Création Numérique (CN) FI'),
  (2198, 1, 2197, 'NIVEAU', 'BUT2'),
  (2199, 1, 2192, 'PARCOURS', 'Création Numérique (CN) FA'),
  (2200, 1, 2199, 'NIVEAU', 'BUT3'),
  (2201, 1, 2195, 'NIVEAU', 'BUT3'),
  (2202, 1, 2192, 'PARCOURS', 'Développement Web et Dispositifs Intéractifs'),
  (2203, 1, 2202, 'NIVEAU', 'BUT1'),
  (2204, 1, 2202, 'NIVEAU', 'BUT2'),
  (2205, 1, 2192, 'PARCOURS', 'Développement Web et Dispositifs Intéractifs FA'),
  (2206, 1, 2205, 'NIVEAU', 'BUT3'),
  (2207, 1, 2192, 'PARCOURS', 'Stratégie de Communication numérique et design d''expérience'),
  (2208, 1, 2207, 'NIVEAU', 'BUT1'),
  (2209, 1, 2207, 'NIVEAU', 'BUT2'),
  (2210, 1, 2192, 'PARCOURS', 'Stratégie de Communication numérique et design d''expérience FA'),
  (2211, 1, 2210, 'NIVEAU', 'BUT3'),
  (2212, 1, 2191, 'MENTION', 'Métiers du jeu vidéo'),
  (2213, 1, 2212, 'PARCOURS', 'Level designer et Game designer'),
  (2214, 1, 2213, 'NIVEAU', 'LPro');
SELECT setval(pg_get_serial_sequence('entite_structure','id_entite'), 2215);

INSERT INTO composante (id_entite, code_composante, type_composante, site_web, mail_fonctionnel, mail_institutionnel, campus) VALUES
  (2000, '901', 'UFR', NULL, 'doyen.ufrdsps@univ-paris13.fr', NULL, 'Villetaneuse'),
  (2001, '902', 'UFR', NULL, 'direction.lshs@univ-paris13.fr', NULL, 'Villetaneuse'),
  (2002, '903', 'INSTITUT', NULL, 'directeur.galilee@univ-paris13.fr', NULL, 'Villetaneuse'),
  (2003, '904', 'IUT', NULL, 'direction.iutsd@univ-paris13.fr', NULL, 'Saint Denis'),
  (2004, '905', 'IUT', NULL, NULL, NULL, 'Villetaneuse'),
  (2005, '906', 'UFR', NULL, 'directrice.smbh@univ-paris13.fr', NULL, 'Bobigny'),
  (2006, '909', 'UFR', NULL, NULL, NULL, 'Villetaneuse'),
  (2007, '910', 'UFR', NULL, NULL, NULL, 'Villetaneuse'),
  (2008, '925', 'IUT', NULL, 'directeur.iutb@univ-paris13.fr', NULL, 'Bobigny');

INSERT INTO departement (id_entite, code_interne) VALUES
  (2009, NULL),
  (2010, NULL),
  (2011, NULL),
  (2012, NULL),
  (2013, NULL),
  (2148, NULL),
  (2169, NULL),
  (2175, NULL),
  (2191, NULL);

INSERT INTO mention (id_entite, type_diplome, cycle, id_type_diplome) VALUES
  (2014, NULL, 1, 1),
  (2020, NULL, 1, 1),
  (2034, NULL, 1, 1),
  (2039, NULL, 1, 1),
  (2053, NULL, 1, 1),
  (2065, NULL, 1, 1),
  (2066, NULL, 2, 4),
  (2077, NULL, 2, 4),
  (2088, NULL, 2, 4),
  (2092, NULL, 2, 4),
  (2095, NULL, 2, 4),
  (2108, NULL, 2, 7),
  (2109, NULL, NULL, 7),
  (2116, NULL, 2, 7),
  (2133, NULL, 2, 7),
  (2138, NULL, 2, 7),
  (2143, NULL, 2, 7),
  (2149, NULL, 1, 37),
  (2165, NULL, 1, 2),
  (2167, NULL, 2, 10),
  (2170, NULL, 1, 37),
  (2176, NULL, 1, 37),
  (2192, NULL, 1, 37),
  (2212, NULL, 1, 2);

INSERT INTO parcours (id_entite, code_parcours) VALUES
  (2015, NULL),
  (2021, NULL),
  (2025, NULL),
  (2027, NULL),
  (2029, NULL),
  (2031, NULL),
  (2035, NULL),
  (2040, NULL),
  (2042, NULL),
  (2044, NULL),
  (2046, NULL),
  (2054, NULL),
  (2057, NULL),
  (2059, NULL),
  (2061, NULL),
  (2068, NULL),
  (2070, NULL),
  (2073, NULL),
  (2075, NULL),
  (2079, NULL),
  (2081, NULL),
  (2084, NULL),
  (2086, NULL),
  (2089, NULL),
  (2093, NULL),
  (2096, NULL),
  (2098, NULL),
  (2100, NULL),
  (2102, NULL),
  (2104, NULL),
  (2106, NULL),
  (2117, NULL),
  (2121, NULL),
  (2125, NULL),
  (2129, NULL),
  (2134, NULL),
  (2139, NULL),
  (2144, NULL),
  (2150, NULL),
  (2155, NULL),
  (2160, NULL),
  (2171, NULL),
  (2177, NULL),
  (2179, NULL),
  (2183, NULL),
  (2187, NULL),
  (2193, NULL),
  (2195, NULL),
  (2197, NULL),
  (2199, NULL),
  (2202, NULL),
  (2205, NULL),
  (2207, NULL),
  (2210, NULL),
  (2213, NULL);

INSERT INTO niveau (id_entite, libelle_court) VALUES
  (2016, NULL),
  (2017, NULL),
  (2018, NULL),
  (2019, NULL),
  (2022, NULL),
  (2023, NULL),
  (2024, NULL),
  (2026, NULL),
  (2028, NULL),
  (2030, NULL),
  (2032, NULL),
  (2033, NULL),
  (2036, NULL),
  (2037, NULL),
  (2038, NULL),
  (2041, NULL),
  (2043, NULL),
  (2045, NULL),
  (2047, NULL),
  (2048, NULL),
  (2049, NULL),
  (2050, NULL),
  (2051, NULL),
  (2052, NULL),
  (2055, NULL),
  (2056, NULL),
  (2058, NULL),
  (2060, NULL),
  (2062, NULL),
  (2063, NULL),
  (2064, NULL),
  (2067, NULL),
  (2069, NULL),
  (2071, NULL),
  (2072, NULL),
  (2074, NULL),
  (2076, NULL),
  (2078, NULL),
  (2080, NULL),
  (2082, NULL),
  (2083, NULL),
  (2085, NULL),
  (2087, NULL),
  (2090, NULL),
  (2091, NULL),
  (2094, NULL),
  (2097, NULL),
  (2099, NULL),
  (2101, NULL),
  (2103, NULL),
  (2105, NULL),
  (2107, NULL),
  (2110, NULL),
  (2111, NULL),
  (2112, NULL),
  (2113, NULL),
  (2114, NULL),
  (2115, NULL),
  (2118, NULL),
  (2119, NULL),
  (2120, NULL),
  (2122, NULL),
  (2123, NULL),
  (2124, NULL),
  (2126, NULL),
  (2127, NULL),
  (2128, NULL),
  (2130, NULL),
  (2131, NULL),
  (2132, NULL),
  (2135, NULL),
  (2136, NULL),
  (2137, NULL),
  (2140, NULL),
  (2141, NULL),
  (2142, NULL),
  (2145, NULL),
  (2146, NULL),
  (2147, NULL),
  (2151, NULL),
  (2152, NULL),
  (2153, NULL),
  (2154, NULL),
  (2156, NULL),
  (2157, NULL),
  (2158, NULL),
  (2159, NULL),
  (2161, NULL),
  (2162, NULL),
  (2163, NULL),
  (2164, NULL),
  (2166, NULL),
  (2168, NULL),
  (2172, NULL),
  (2173, NULL),
  (2174, NULL),
  (2178, NULL),
  (2180, NULL),
  (2181, NULL),
  (2182, NULL),
  (2184, NULL),
  (2185, NULL),
  (2186, NULL),
  (2188, NULL),
  (2189, NULL),
  (2190, NULL),
  (2194, NULL),
  (2196, NULL),
  (2198, NULL),
  (2200, NULL),
  (2201, NULL),
  (2203, NULL),
  (2204, NULL),
  (2206, NULL),
  (2208, NULL),
  (2209, NULL),
  (2211, NULL),
  (2214, NULL);

INSERT INTO utilisateur (id_user, login, nom, prenom, genre, categorie, email_institutionnel, email_institutionnel_secondaire, telephone, bureau, statut) VALUES
  (5000, 'fauchon', 'FAUCHON', 'Anne', 'F'::utilisateur_genre, 'EC'::utilisateur_categorie, 'fauchon@univ-paris13.fr', NULL, NULL, NULL, 'ACTIF'),
  (5001, 'versaveaud.lidwine', 'VERSAVEAUD', 'Lidwine', 'F'::utilisateur_genre, 'BIATSS'::utilisateur_categorie, 'versaveaud.lidwine@univ-paris13.fr', NULL, NULL, NULL, 'ACTIF'),
  (5002, 'sabrina.juillet-garzon', 'JUILLET-GARZON', 'Sabrina', 'F'::utilisateur_genre, 'EC'::utilisateur_categorie, 'sabrina.juillet-garzon@univ-paris13.fr', NULL, NULL, NULL, 'ACTIF'),
  (5003, 'joelle.giroud', 'GIROUD', 'Joëlle', 'F'::utilisateur_genre, 'BIATSS'::utilisateur_categorie, 'joelle.giroud@univ-paris13.fr', NULL, NULL, NULL, 'ACTIF'),
  (5004, 'bruno.manil', 'MANIL', 'Bruno', 'M'::utilisateur_genre, 'EC'::utilisateur_categorie, 'bruno.manil@univ-paris13.fr', NULL, NULL, NULL, 'ACTIF'),
  (5005, 'valerie.mottin', 'MOTTIN', 'Valérie', 'F'::utilisateur_genre, 'BIATSS'::utilisateur_categorie, 'valerie.mottin@univ-paris13.fr', NULL, NULL, NULL, 'ACTIF'),
  (5006, 'mariehelene.vigliano', 'VIGLIANO', 'Marie-Hélène', 'F'::utilisateur_genre, 'EC'::utilisateur_categorie, 'mariehelene.vigliano@univ-paris13.fr', NULL, NULL, NULL, 'ACTIF'),
  (5007, 'homere.nkwawo', 'NKWAWO', 'Homère', 'M'::utilisateur_genre, 'EC'::utilisateur_categorie, 'homere.nkwawo@univ-paris13.fr', NULL, NULL, NULL, 'ACTIF'),
  (5008, 'julie.david', 'DAVID', 'Julie', 'F'::utilisateur_genre, 'BIATSS'::utilisateur_categorie, 'julie.david@univ-paris13.fr', NULL, NULL, NULL, 'ACTIF'),
  (5009, 'carole.planes', 'PLANES', 'Carole', 'F'::utilisateur_genre, 'EC'::utilisateur_categorie, 'carole.planes@aphp.fr', NULL, NULL, NULL, 'ACTIF'),
  (5010, 'justine.helmer-ponin', 'HELMER-PONIN', 'Justine', 'F'::utilisateur_genre, 'BIATSS'::utilisateur_categorie, 'justine.helmer-ponin@univ-paris13.fr', NULL, NULL, NULL, 'ACTIF'),
  (5011, 'gregory.jouanneau-damance', 'JOUANNEAU-DAMANCE', 'Grégory', 'M'::utilisateur_genre, 'EC'::utilisateur_categorie, 'gregory.jouanneau-damance@univ-paris13.fr', NULL, NULL, NULL, 'ACTIF'),
  (5012, 'rachel.dieu', 'DIEU', 'Rachel', 'F'::utilisateur_genre, 'BIATSS'::utilisateur_categorie, 'rachel.dieu@univ-paris13.fr', NULL, NULL, NULL, 'ACTIF'),
  (5013, 'marie-christophe.boissier', 'BOISSIER', 'Marie-Christophe', 'M'::utilisateur_genre, 'EC'::utilisateur_categorie, 'marie-christophe.boissier@aphp.fr', NULL, NULL, NULL, 'ACTIF'),
  (5014, 'mourad.ferguenis', 'FERGUENIS', 'Mourad', 'M'::utilisateur_genre, 'BIATSS'::utilisateur_categorie, NULL, NULL, NULL, NULL, 'ACTIF'),
  (5015, 'vaillant', 'VAILLANT', 'Pascal', 'M'::utilisateur_genre, 'EC'::utilisateur_categorie, 'vaillant@univ-paris13.fr', NULL, NULL, NULL, 'ACTIF'),
  (5016, 'adam', 'ADAM', 'Christelle', 'F'::utilisateur_genre, 'BIATSS'::utilisateur_categorie, 'adam@univ-paris13.fr', NULL, NULL, NULL, 'ACTIF'),
  (5017, 'sophie.toulouse', 'TOULOUSE', 'Sophie', 'F'::utilisateur_genre, 'EC'::utilisateur_categorie, NULL, 'sophie.toulouse@lipn.univ-paris13.fr', NULL, NULL, 'ACTIF'),
  (5018, 'thierry.hamon', 'HAMON', 'Thierry', 'M'::utilisateur_genre, 'EC'::utilisateur_categorie, 'thierry.hamon@univ-paris13.fr', NULL, NULL, NULL, 'ACTIF'),
  (5019, 'user5019', 'Y', 'Contact', 'M'::utilisateur_genre, 'EC'::utilisateur_categorie, NULL, NULL, NULL, NULL, 'ACTIF'),
  (5020, 'luc.museur', 'MUSEUR', 'Luc', NULL, NULL, 'luc.museur@univ-paris13.fr', NULL, NULL, NULL, 'ACTIF'),
  (5021, 'michael.redolfi', 'REDOLFI', 'Michaël', 'M'::utilisateur_genre, 'EC'::utilisateur_categorie, 'michael.redolfi@univ-paris13.fr', 'michael.redolfi@lspm.cnrs.fr', NULL, NULL, 'ACTIF'),
  (5022, 'therese.sepulchre', 'SEPULCHRE', 'Thérèse', 'F'::utilisateur_genre, 'CONTRACTUEL'::utilisateur_categorie, NULL, NULL, NULL, NULL, 'ACTIF'),
  (5023, 'valerie.boucard', 'BOUCARD', 'Valérie', 'F'::utilisateur_genre, 'EC'::utilisateur_categorie, NULL, NULL, NULL, NULL, 'ACTIF'),
  (5024, 'florence.baudin', 'BAUDIN', 'Florence', 'F'::utilisateur_genre, 'BIATSS'::utilisateur_categorie, NULL, NULL, '01 49 40 36 54', 'H016', 'ACTIF'),
  (5025, 'loredana.yacoubi', 'YACOUBI', 'Loredana', 'F'::utilisateur_genre, 'BIATSS'::utilisateur_categorie, NULL, NULL, '01 49 40 36 59', 'H015', 'ACTIF'),
  (5026, 'pierre.fouilhoux', 'FOUILHOUX', 'Pierre', 'M'::utilisateur_genre, 'EC'::utilisateur_categorie, NULL, 'pierre.fouilhoux@lipn.fr', NULL, NULL, 'ACTIF'),
  (5027, 'benoit.rittaud', 'RITTAUD', 'Benoit', 'M'::utilisateur_genre, 'EC'::utilisateur_categorie, NULL, 'rittaud@math.univ-paris13.fr', NULL, NULL, 'ACTIF'),
  (5028, 'henry.de-thelin', 'DE THELIN', 'Henry', 'M'::utilisateur_genre, 'EC'::utilisateur_categorie, NULL, 'dethelin@math.univ-paris13.fr', NULL, NULL, 'ACTIF'),
  (5029, 'serguei.lenglet', 'LENGLET', 'Serguei', 'M'::utilisateur_genre, 'EC'::utilisateur_categorie, 'serguei.lenglet@univ-paris13.fr', NULL, NULL, NULL, 'ACTIF'),
  (5030, 'stefano.guerrini', 'GUERRINI', 'Stefano', 'M'::utilisateur_genre, 'EC'::utilisateur_categorie, NULL, 'guerrini@lipn.univ-paris13.fr', NULL, NULL, 'ACTIF'),
  (5031, 'nadi.tomeh', 'TOMEH', 'Nadi', 'M'::utilisateur_genre, 'EC'::utilisateur_categorie, NULL, 'nadi.tomeh@lipn.univ-paris13.fr', NULL, NULL, 'ACTIF'),
  (5032, 'noemia.dulphy', 'DULPHY', 'Noémia', 'F'::utilisateur_genre, 'BIATSS'::utilisateur_categorie, NULL, NULL, NULL, 'H014', 'ACTIF'),
  (5033, 'sarah.itouchene', 'ITOUCHENE', 'Sarah', 'F'::utilisateur_genre, 'BIATSS'::utilisateur_categorie, NULL, NULL, NULL, 'H014', 'ACTIF'),
  (5034, 'greta.meunier', 'MEUNIER', 'Greta', 'F'::utilisateur_genre, 'BIATSS'::utilisateur_categorie, NULL, NULL, NULL, 'H012', 'ACTIF'),
  (5035, 'aline.dacheux', 'DACHEUX', 'Aline', 'F'::utilisateur_genre, 'BIATSS'::utilisateur_categorie, NULL, NULL, NULL, 'H011', 'ACTIF'),
  (5036, 'emmanuel.schenck', 'SCHENCK', 'Emmanuel', 'M'::utilisateur_genre, 'EC'::utilisateur_categorie, NULL, 'schenck@math.univ-paris13.fr', NULL, NULL, 'ACTIF'),
  (5037, 'isabelle.trouve', 'TROUVE', 'Isabelle', 'F'::utilisateur_genre, 'EC'::utilisateur_categorie, NULL, 'gaudron@math.univ-paris13.fr', NULL, NULL, 'ACTIF'),
  (5038, 'anne.queguiner-mathieu', 'QUEGUINER MATHIEU', 'Anne', 'F'::utilisateur_genre, 'EC'::utilisateur_categorie, NULL, 'queguin@math.univ-paris13.fr', NULL, NULL, 'ACTIF'),
  (5039, 'frederic.clerc', 'CLERC', 'Frédéric', 'M'::utilisateur_genre, 'ESAS'::utilisateur_categorie, NULL, 'clerc@math.univ-paris13.fr', NULL, NULL, 'ACTIF'),
  (5040, 'sylviane.schwer', 'SCHWER', 'Sylviane', 'F'::utilisateur_genre, 'EC'::utilisateur_categorie, NULL, 'schwer@math.univ-paris13.fr', NULL, NULL, 'ACTIF'),
  (5041, 'pierre.rousselin', 'ROUSSELIN', 'Pierre', 'M'::utilisateur_genre, 'ESAS'::utilisateur_categorie, NULL, 'rousselin@math.univ-paris13.fr', NULL, NULL, 'ACTIF'),
  (5042, 'maher.zerzeri', 'ZERZERI', 'Maher', 'M'::utilisateur_genre, 'EC'::utilisateur_categorie, NULL, 'zerzeri@math.univ-paris13.fr', NULL, NULL, 'ACTIF'),
  (5043, 'charles.de-clercq', 'DE CLERCQ', 'Charles', 'M'::utilisateur_genre, 'EC'::utilisateur_categorie, NULL, 'declercq@math.univ-paris13.fr', NULL, NULL, 'ACTIF'),
  (5044, 'paolo.pedri', 'PEDRI', 'Paolo', 'M'::utilisateur_genre, 'EC'::utilisateur_categorie, 'paolo.pedri@univ-paris13.fr', NULL, NULL, NULL, 'ACTIF'),
  (5045, 'alex.lemarchand', 'LEMARCHAND', 'Alex', 'M'::utilisateur_genre, 'EC'::utilisateur_categorie, 'alex.lemarchand@univ-paris13.fr', NULL, NULL, NULL, 'ACTIF'),
  (5046, 'francisco.perales', 'PERALES', 'Francisco', 'M'::utilisateur_genre, 'EC'::utilisateur_categorie, 'francisco.perales@univ-paris13.fr', NULL, NULL, NULL, 'ACTIF'),
  (5047, 'virginie.gueguen', 'GUEGUEN', 'Virginie', 'F'::utilisateur_genre, 'EC'::utilisateur_categorie, 'virginie.gueguen@univ-paris13.fr', NULL, NULL, NULL, 'ACTIF'),
  (5048, 'yamina.belkebir', 'BELKEBIR', 'Yamina', 'F'::utilisateur_genre, 'BIATSS'::utilisateur_categorie, NULL, NULL, NULL, 'H013', 'ACTIF'),
  (5049, 'belmeguenai.mohamed', 'BELMEGUENAI', 'Mohamed', 'M'::utilisateur_genre, 'EC'::utilisateur_categorie, 'belmeguenai.mohamed@univ-paris13.fr', NULL, NULL, NULL, 'ACTIF'),
  (5050, 'eloi.haltz', 'HALTZ', 'Eloi', 'M'::utilisateur_genre, 'EC'::utilisateur_categorie, 'eloi.haltz@univ-paris13.fr', NULL, NULL, NULL, 'ACTIF'),
  (5051, 'elodie.david', 'DAVID', 'Elodie', 'F'::utilisateur_genre, 'ESAS'::utilisateur_categorie, 'elodie.david@univ-paris13.fr', NULL, NULL, NULL, 'ACTIF'),
  (5052, 'francois.beguin', 'BEGUIN', 'François', 'M'::utilisateur_genre, 'EC'::utilisateur_categorie, NULL, NULL, NULL, NULL, 'ACTIF'),
  (5053, 'angelique.leite', 'LEITE', 'Angélique', 'F'::utilisateur_genre, 'BIATSS'::utilisateur_categorie, NULL, NULL, '01 49 40 35 55', 'H201', 'ACTIF'),
  (5054, 'jean-philippe.passarello', 'PASSARELLO', 'Jean-Philippe', 'M'::utilisateur_genre, 'EC'::utilisateur_categorie, NULL, 'jean-philippe.passarello@lspm.cnrs.fr', NULL, NULL, 'ACTIF'),
  (5055, 'michael.redolfi.2', 'REDOLFI', 'Michael', 'M'::utilisateur_genre, 'EC'::utilisateur_categorie, NULL, 'michael.redolfi@lspm.cnrs.fr', NULL, NULL, 'ACTIF'),
  (5056, 'avramoglou', 'AVRAMOGLOU', 'Thierry', 'M'::utilisateur_genre, 'EC'::utilisateur_categorie, 'avramoglou@univ-paris13.fr', NULL, NULL, NULL, 'ACTIF'),
  (5057, 'mamadou.traore', 'TRAORE', 'Mamadou', 'M'::utilisateur_genre, 'EC'::utilisateur_categorie, NULL, 'mamadou.traore@lspm.cnrs.fr', NULL, NULL, 'ACTIF'),
  (5058, 'leila.gherbi', 'GHERBI', 'Leila', 'F'::utilisateur_genre, 'BIATSS'::utilisateur_categorie, NULL, NULL, '01 49 40 39 25', 'H203', 'ACTIF'),
  (5059, 'younes.bennani', 'BENNANI', 'Younes', 'M'::utilisateur_genre, 'EC'::utilisateur_categorie, NULL, 'younes.bennani@lipn.univ-paris13.fr', NULL, NULL, 'ACTIF'),
  (5060, 'louenas.bounia', 'BOUNIA', 'Louenas', 'M'::utilisateur_genre, 'EC'::utilisateur_categorie, 'louenas.bounia@univ-paris13.fr', NULL, NULL, NULL, 'ACTIF'),
  (5061, 'carlos.olarte', 'OLARTE', 'Carlos', 'M'::utilisateur_genre, 'EC'::utilisateur_categorie, NULL, 'olarte@lipn.univ-paris13.fr', NULL, NULL, 'ACTIF'),
  (5062, 'djamila.tisgouine', 'TISGOUINE', 'Djamila', 'F'::utilisateur_genre, 'BIATSS'::utilisateur_categorie, NULL, NULL, '01 49 40 44 58', 'H202', 'ACTIF'),
  (5063, 'thimaitrang.nguyen', 'NGUYEN', 'Thi Mai Trang', 'M'::utilisateur_genre, 'EC'::utilisateur_categorie, 'thimaitrang.nguyen@univ-paris13.fr', NULL, NULL, NULL, 'ACTIF'),
  (5064, 'saidi', 'SAIDI', 'Mohand Yazid', 'M'::utilisateur_genre, 'EC'::utilisateur_categorie, 'saidi@univ-paris13.fr', NULL, NULL, NULL, 'ACTIF'),
  (5065, 'aladine.chetouani', 'CHETOUANI', 'Aladine', 'M'::utilisateur_genre, 'EC'::utilisateur_categorie, 'aladine.chetouani@univ-paris13.fr', NULL, NULL, NULL, 'ACTIF'),
  (5066, 'samira.benseddik', 'BENSEDDIK', 'Samira', 'F'::utilisateur_genre, 'BIATSS'::utilisateur_categorie, NULL, NULL, '01 49 40 28 10', 'H204', 'ACTIF'),
  (5067, 'pascal.boyer', 'BOYER', 'Pascal', 'M'::utilisateur_genre, 'EC'::utilisateur_categorie, NULL, 'boyer@math.univ-paris13.fr', NULL, NULL, 'ACTIF'),
  (5068, 'thanh-mai.pham-ngoc', 'PHAM NGOC', 'Thanh Mai', 'F'::utilisateur_genre, 'EC'::utilisateur_categorie, NULL, 'phamngoc@math.univ-paris13.fr', NULL, NULL, 'ACTIF'),
  (5069, 'frdric.clerc', 'CLERC', 'Frédéric', 'M'::utilisateur_genre, 'ESAS'::utilisateur_categorie, 'frédéric.clerc@univ-paris13.fr', NULL, NULL, NULL, 'ACTIF'),
  (5070, 'laurent.rigal', 'RIGAL', 'Laurent', 'M'::utilisateur_genre, 'EC'::utilisateur_categorie, NULL, 'rigal@math.univ-paris13.fr', NULL, NULL, 'ACTIF'),
  (5071, 'laurent.vernac', 'VERNAC', 'Laurent', 'M'::utilisateur_genre, 'EC'::utilisateur_categorie, 'laurent.vernac@univ-paris13.fr', NULL, NULL, NULL, 'ACTIF'),
  (5072, 'chloe.leard', 'LEARD', 'Chloé', 'F'::utilisateur_genre, 'BIATSS'::utilisateur_categorie, NULL, NULL, '01 49 40 35 57', 'H204', 'ACTIF'),
  (5073, 'fatih.zighem', 'ZIGHEM', 'Fatih', 'M'::utilisateur_genre, 'EC'::utilisateur_categorie, NULL, 'fatih.zighem@lspm.cnrs.fr', NULL, NULL, 'ACTIF'),
  (5074, 'fabien.cazes', 'CAZES', 'Fabien', 'M'::utilisateur_genre, 'EC'::utilisateur_categorie, 'fabien.cazes@univ-paris13.fr', NULL, NULL, NULL, 'ACTIF'),
  (5075, 'julia.deschamp', 'DESCHAMP', 'Julia', 'F'::utilisateur_genre, 'EC'::utilisateur_categorie, 'julia.deschamp@univ-paris13.fr', NULL, NULL, NULL, 'ACTIF'),
  (5076, 'falentin-daudre', 'FALENTIN', 'Céline', 'F'::utilisateur_genre, 'EC'::utilisateur_categorie, 'falentin-daudre@univ-paris13.fr', NULL, NULL, NULL, 'ACTIF'),
  (5077, 'geraldine.rohman', 'ROHMAN', 'Géraldine', 'F'::utilisateur_genre, 'EC'::utilisateur_categorie, 'geraldine.rohman@univ-paris13.fr', NULL, NULL, NULL, 'ACTIF'),
  (5078, 'lucas.letocart', 'LETOCART', 'Lucas', 'M'::utilisateur_genre, 'EC'::utilisateur_categorie, NULL, 'lucas.letocart@lipn.univ-paris13.fr', NULL, NULL, 'ACTIF'),
  (5079, 'elisabeth.christiny', 'CHRISTINY', 'Elisabeth', 'F'::utilisateur_genre, 'BIATSS'::utilisateur_categorie, NULL, NULL, '01 49 40 35 49', 'H104', 'ACTIF'),
  (5080, 'marie.raingeval', 'RAINGEVAL', 'Marie', 'F'::utilisateur_genre, 'BIATSS'::utilisateur_categorie, NULL, NULL, '01 49 40 21 29', 'H100', 'ACTIF'),
  (5081, 'sylvie.borne', 'BORNE', 'Sylvie', 'F'::utilisateur_genre, 'EC'::utilisateur_categorie, NULL, 'sylvie.borne@lipn.univ-paris13.fr', NULL, NULL, 'ACTIF'),
  (5082, 'sebastien.guerif', 'GUERIF', 'Sébastien', 'M'::utilisateur_genre, 'EC'::utilisateur_categorie, NULL, 'sebastien.guerif@lipn.univ-paris13.fr', NULL, NULL, 'ACTIF'),
  (5083, 'julien.ducoulombier', 'DUCOULOMBIER', 'Julien', 'M'::utilisateur_genre, 'ESAS'::utilisateur_categorie, NULL, 'ducoulom@math.univ-paris13.fr', NULL, NULL, 'ACTIF'),
  (5084, 'sylvain.queyreau', 'QUEYREAU', 'Sylvain', 'M'::utilisateur_genre, 'EC'::utilisateur_categorie, NULL, 'sylvain.queyreau@lspm.cnrs.fr', NULL, NULL, 'ACTIF'),
  (5085, 'samira.belkacem', 'BELKACEM', 'Samira', 'F'::utilisateur_genre, 'BIATSS'::utilisateur_categorie, NULL, NULL, '01 49 40 33 75', 'H103', 'ACTIF'),
  (5086, 'linda.el-alaoui', 'EL ALAOUI', 'Linda', 'F'::utilisateur_genre, 'EC'::utilisateur_categorie, NULL, 'elalaoui@math.univ-paris13.fr', NULL, NULL, 'ACTIF'),
  (5087, 'barbaud', 'BARBAUD', 'Christel', 'F'::utilisateur_genre, 'EC'::utilisateur_categorie, 'barbaud@univ-paris13.fr', NULL, NULL, NULL, 'ACTIF'),
  (5088, 'stephane.vento', 'VENTO', 'Stéphane', 'M'::utilisateur_genre, 'EC'::utilisateur_categorie, NULL, 'vento@math.univ-paris13.fr', NULL, NULL, 'ACTIF'),
  (5089, 'laure.hunsinger', 'HUNSINGER', 'Laure', 'F'::utilisateur_genre, 'ESAS'::utilisateur_categorie, 'laure.hunsinger@univ-paris13.fr', NULL, NULL, NULL, 'ACTIF'),
  (5090, 'claudia.lazzaroni', 'LAZZARONI', 'Claudia', 'F'::utilisateur_genre, 'EC'::utilisateur_categorie, NULL, 'Claudia.LAZZARONI@lspm.cnrs.fr', NULL, NULL, 'ACTIF'),
  (5091, 'corinne.duluard-curley', 'DULUARD-CURLEY', 'Corinne', 'F'::utilisateur_genre, 'EC'::utilisateur_categorie, NULL, 'corinne.duluard@lspm.cnrs.fr', NULL, NULL, 'ACTIF'),
  (5092, 'daniele.chaubet', 'CHAUBET', 'Danièle', 'F'::utilisateur_genre, 'EC'::utilisateur_categorie, 'daniele.chaubet@univ-paris13.fr', NULL, NULL, NULL, 'ACTIF'),
  (5093, 'viet-dung.n-guyen', 'N''GUYEN', 'Viet-Dung', 'M'::utilisateur_genre, 'EC'::utilisateur_categorie, NULL, 'viet-dung.nguyen@lspm.cnrs.fr', NULL, NULL, 'ACTIF'),
  (5094, 'khaled.hassouni', 'HASSOUNI', 'Khaled', 'M'::utilisateur_genre, 'EC'::utilisateur_categorie, NULL, 'hassouni@lspm.cnrs.fr', NULL, NULL, 'ACTIF'),
  (5095, 'gabriel.dutier', 'DUTIER', 'Gabriel', 'M'::utilisateur_genre, 'EC'::utilisateur_categorie, 'gabriel.dutier@univ-paris13.fr', NULL, NULL, NULL, 'ACTIF'),
  (5096, 'lamia.znaidi', 'ZNAIDI', 'Lamia', 'F'::utilisateur_genre, 'EC'::utilisateur_categorie, NULL, 'znaidi@lspm.cnrs.fr', NULL, NULL, 'ACTIF'),
  (5097, 'frederic.chaubet', 'CHAUBET', 'Frédéric', 'M'::utilisateur_genre, 'EC'::utilisateur_categorie, 'frederic.chaubet@univ-paris13.fr', NULL, NULL, NULL, 'ACTIF'),
  (5098, 'sabrina.amir', 'AMIR', 'Sabrina', 'F'::utilisateur_genre, 'BIATSS'::utilisateur_categorie, NULL, NULL, '01 49 40 35 52', 'H102', 'ACTIF'),
  (5099, 'john.chaussard', 'CHAUSSARD', 'John', 'M'::utilisateur_genre, 'EC'::utilisateur_categorie, NULL, 'chaussard@math.univ-paris13.fr', NULL, NULL, 'ACTIF'),
  (5100, 'joseph.le-roux', 'LE ROUX', 'Joseph', 'M'::utilisateur_genre, 'EC'::utilisateur_categorie, NULL, 'joseph.leroux@lipn.univ-paris13.fr', NULL, NULL, 'ACTIF'),
  (5101, 'ali.akhavi', 'AKHAVI', 'Ali', 'M'::utilisateur_genre, 'EC'::utilisateur_categorie, NULL, 'ali.akhavi@lipn.univ-paris13.fr', NULL, NULL, 'ACTIF'),
  (5102, 'manel.zarrouk', 'ZARROUK', 'Manel', 'F'::utilisateur_genre, 'EC'::utilisateur_categorie, NULL, 'zarrouk@lipn.univ-paris13.fr', NULL, NULL, 'ACTIF'),
  (5103, 'samir.youcef', 'YOUCEF', 'Samir', 'M'::utilisateur_genre, 'EC'::utilisateur_categorie, NULL, 'youcef@lipn.univ-paris13.fr', NULL, NULL, 'ACTIF'),
  (5104, 'gladys.diaz', 'DIAZ', 'Gladys', 'F'::utilisateur_genre, 'EC'::utilisateur_categorie, 'gladys.diaz@univ-paris13.fr', NULL, NULL, NULL, 'ACTIF'),
  (5105, 'thomas.papastergiou', 'PAPASTERGIOU', 'Thomas', 'M'::utilisateur_genre, 'EC'::utilisateur_categorie, NULL, 'papastergiou@lipn.univ-paris13.fr', NULL, NULL, 'ACTIF'),
  (5106, 'reyhan.vynisale', 'VYNISALE', 'Reyhan', 'F'::utilisateur_genre, 'BIATSS'::utilisateur_categorie, NULL, NULL, '01 49 40 40 91', 'H101', 'ACTIF'),
  (5107, 'frederic.lecomte', 'LECOMTE', 'Frédéric', 'M'::utilisateur_genre, 'EC'::utilisateur_categorie, 'frederic.lecomte@univ-paris13.fr', NULL, NULL, NULL, 'ACTIF'),
  (5108, 'jean-marie.feybesse', 'FEYBESSE', 'Jean-Marie', 'M'::utilisateur_genre, 'ESAS'::utilisateur_categorie, 'jean-marie.feybesse@univ-paris13.fr', NULL, NULL, NULL, 'ACTIF'),
  (5109, 'mathieu.manceau', 'MANCEAU', 'Mathieu', 'M'::utilisateur_genre, 'EC'::utilisateur_categorie, 'mathieu.manceau@univ-paris13.fr', NULL, NULL, NULL, 'ACTIF'),
  (5110, 'athanasios.laliotis', 'LALIOTIS', 'Athanasios', 'M'::utilisateur_genre, 'EC'::utilisateur_categorie, 'athanasios.laliotis@univ-paris13.fr', NULL, NULL, NULL, 'ACTIF'),
  (5111, 'raynaud', 'RAYNAUD', 'Henri-François', 'M'::utilisateur_genre, 'EC'::utilisateur_categorie, 'raynaud@univ-paris13.fr', NULL, NULL, NULL, 'ACTIF'),
  (5112, 'noira.lukowski', 'LUKOWSKI', 'Noira', 'F'::utilisateur_genre, 'BIATSS'::utilisateur_categorie, NULL, NULL, '01 49 40 36 45', 'H102', 'ACTIF'),
  (5113, 'nicolas.vauchelet', 'VAUCHELET', 'Nicolas', 'M'::utilisateur_genre, 'EC'::utilisateur_categorie, NULL, 'vauchelet@math.univ-paris13.fr', NULL, NULL, 'ACTIF'),
  (5114, 'caroline.japhet', 'JAPHET', 'Caroline', 'F'::utilisateur_genre, 'EC'::utilisateur_categorie, NULL, 'japhet@math.univ-paris13.fr', NULL, NULL, 'ACTIF'),
  (5115, 'berangere.delourme', 'DELOURME', 'Bérangère', 'F'::utilisateur_genre, 'EC'::utilisateur_categorie, NULL, 'delourme@math.univ-paris13.fr', NULL, NULL, 'ACTIF'),
  (5116, 'clement.foucart', 'FOUCART', 'Clément', 'M'::utilisateur_genre, 'EC'::utilisateur_categorie, NULL, 'foucart@math.univ-paris13.fr', NULL, NULL, 'ACTIF'),
  (5117, 'emmanuel.audusse', 'AUDUSSE', 'Emmanuel', 'M'::utilisateur_genre, 'EC'::utilisateur_categorie, NULL, 'audusse@math.univ-paris13.fr', NULL, NULL, 'ACTIF'),
  (5118, 'khaled.boussetta', 'BOUSSETTA', 'Khaled', 'M'::utilisateur_genre, 'EC'::utilisateur_categorie, 'khaled.boussetta@univ-paris13.fr', NULL, NULL, NULL, 'ACTIF'),
  (5119, 'laurent.longchambon', 'LONGCHAMBON', 'Laurent', 'M'::utilisateur_genre, 'EC'::utilisateur_categorie, 'laurent.longchambon@univ-paris13.fr', NULL, NULL, NULL, 'ACTIF'),
  (5120, 'zuheng.ming', 'MING', 'Zuheng', 'M'::utilisateur_genre, 'EC'::utilisateur_categorie, 'zuheng.ming@univ-paris13.fr', NULL, NULL, NULL, 'ACTIF'),
  (5121, 'fangchen.feng', 'FENG', 'Fangchen', 'M'::utilisateur_genre, 'EC'::utilisateur_categorie, 'fangchen.feng@univ-paris13.fr', NULL, NULL, NULL, 'ACTIF'),
  (5122, 'marwen.abdennebi', 'ABDENNEBI', 'Marwen', 'M'::utilisateur_genre, 'EC'::utilisateur_categorie, 'marwen.abdennebi@univ-paris13.fr', NULL, NULL, NULL, 'ACTIF'),
  (5123, 'celine.alenda', 'ALENDA', 'Céline', NULL, NULL, 'celine.alenda@univ-paris13.fr', NULL, NULL, NULL, 'ACTIF'),
  (5124, 'sylvie.latil', 'LATIL', 'Sylvie', NULL, NULL, 'sylvie.latil@univ-paris13.fr', NULL, NULL, NULL, 'ACTIF'),
  (5125, 'anna.humbert', 'HUMBERT', 'Anna', NULL, NULL, 'anna.humbert@univ-paris13.fr', NULL, NULL, NULL, 'ACTIF'),
  (5126, 'dragana.mariyathas', 'MARIYATHAS', 'Dragana', NULL, 'BIATSS'::utilisateur_categorie, NULL, NULL, '01 49 40 88 34', 'M19', 'ACTIF'),
  (5127, 'virginie.joulin', 'JOULIN', 'Virgine', NULL, NULL, 'virginie.joulin@univ-paris13.fr', NULL, NULL, NULL, 'ACTIF'),
  (5128, 'sandrine.dennoun', 'DENNOUN', 'Sandrine', NULL, NULL, 'sandrine.dennoun@univ-paris13.fr', NULL, NULL, NULL, 'ACTIF'),
  (5129, 'diane.same', 'SAMÉ', 'Diane', NULL, 'BIATSS'::utilisateur_categorie, 'diane.same@univ-paris13.fr', NULL, '01 49 40 88 35', 'M24', 'ACTIF'),
  (5130, 'marc.cesar', 'CÉSAR', 'Marc', NULL, NULL, 'marc.cesar@univ-paris13.fr', NULL, NULL, NULL, 'ACTIF'),
  (5131, 'lea.mestdagh', 'MESTDAGH', 'Léa', NULL, NULL, 'lea.mestdagh@univ-paris13.fr', NULL, NULL, NULL, 'ACTIF'),
  (5132, 'remi.habouzit', 'HABOUZIT', 'Rémi', NULL, NULL, 'remi.habouzit@univ-paris13.fr', NULL, NULL, NULL, 'ACTIF'),
  (5133, 'sarra.chaieb', 'CHAIEB', 'Sarra', NULL, NULL, 'sarra.chaieb@univ-paris13.fr', NULL, NULL, NULL, 'ACTIF'),
  (5134, 'minji.kim', 'KIM', 'Minji', NULL, NULL, NULL, 'min-ji.kim@inserm.fr', NULL, NULL, 'ACTIF'),
  (5135, 'thierry.langles', 'LANGLES', 'Thierry', 'M'::utilisateur_genre, NULL, 'thierry.langles@univ-paris13.fr', NULL, NULL, NULL, 'ACTIF'),
  (5136, 'emmanuelle.rascol', 'RASCOL', 'Emmanuelle', 'F'::utilisateur_genre, NULL, NULL, NULL, NULL, NULL, 'ACTIF'),
  (5137, 'fatiha.abella', 'ABELLA', 'Fatiha', 'F'::utilisateur_genre, NULL, NULL, NULL, NULL, NULL, 'ACTIF'),
  (5138, 'karim.hamadache', 'HAMADACHE', 'Karim', 'M'::utilisateur_genre, NULL, 'karim.hamadache@univ-paris13.fr', NULL, NULL, NULL, 'ACTIF'),
  (5139, 'martina.marchese', 'MARCHESE', 'Martina', 'F'::utilisateur_genre, NULL, NULL, NULL, '01 49 40 88 05', 'M38', 'ACTIF'),
  (5140, 'sara.silva', 'SILVA', 'Sara', 'F'::utilisateur_genre, NULL, NULL, NULL, '01 49 40 88 41', 'M42', 'ACTIF'),
  (5141, 'benchenna', 'BENCHENNA', 'Abdel', 'M'::utilisateur_genre, NULL, 'benchenna@univ-paris13.fr', NULL, NULL, NULL, 'ACTIF'),
  (5142, 'rim.jedidi', 'JEDIDI', 'Rim', 'F'::utilisateur_genre, NULL, 'rim.jedidi@univ-paris13.fr', NULL, NULL, NULL, 'ACTIF'),
  (5143, 'jeanmichel.fessol', 'FESSOL', 'Jean-Michel', 'M'::utilisateur_genre, NULL, 'jeanmichel.fessol@univ-paris13.fr', NULL, NULL, NULL, 'ACTIF'),
  (5144, 'michael.vidal', 'VIDAL', 'Michael', 'M'::utilisateur_genre, NULL, 'michael.vidal@univ-paris13.fr', NULL, NULL, NULL, 'ACTIF'),
  (5145, 'jerome.nobecourt', 'NOBECOURT', 'Jérôme', 'M'::utilisateur_genre, NULL, 'jerome.nobecourt@univ-paris13.fr', NULL, NULL, NULL, 'ACTIF'),
  (5146, 'alexie.geers', 'GEERS', 'Alexie', NULL, NULL, 'alexie.geers@univ-paris13.fr', NULL, NULL, NULL, 'ACTIF'),
  (5147, 'benjamin.barbier', 'BARBIER', 'Benjamin', 'M'::utilisateur_genre, NULL, 'benjamin.barbier@univ-paris13.fr', NULL, NULL, NULL, 'ACTIF'),
  (5148, 'carolina.betancur', 'BETANCUR', 'Carolina', 'F'::utilisateur_genre, NULL, NULL, NULL, '01 49 40 73 29', 'M40', 'ACTIF');
SELECT setval(pg_get_serial_sequence('utilisateur','id_user'), 5149);

INSERT INTO affectation (id_affectation, id_user, id_role, id_entite, id_annee, date_debut) VALUES
  (8000, 5000, 'directeur-composante', 2000, 1, '2025-09-01'),
  (8001, 5001, 'directeur-administratif', 2000, 1, '2025-09-01'),
  (8002, 5002, 'directeur-composante', 2001, 1, '2025-09-01'),
  (8003, 5003, 'directeur-administratif', 2001, 1, '2025-09-01'),
  (8004, 5004, 'directeur-composante', 2002, 1, '2025-09-01'),
  (8005, 5005, 'directeur-administratif', 2002, 1, '2025-09-01'),
  (8006, 5006, 'directeur-composante', 2003, 1, '2025-09-01'),
  (8007, 5007, 'directeur-composante', 2004, 1, '2025-09-01'),
  (8008, 5008, 'directeur-administratif', 2004, 1, '2025-09-01'),
  (8009, 5009, 'directeur-composante', 2005, 1, '2025-09-01'),
  (8010, 5010, 'directeur-administratif', 2005, 1, '2025-09-01'),
  (8011, 5011, 'directeur-composante', 2006, 1, '2025-09-01'),
  (8012, 5012, 'directeur-administratif', 2006, 1, '2025-09-01'),
  (8013, 5013, 'directeur-composante', 2007, 1, '2025-09-01'),
  (8014, 5014, 'directeur-administratif', 2007, 1, '2025-09-01'),
  (8015, 5015, 'directeur-composante', 2008, 1, '2025-09-01'),
  (8016, 5016, 'directeur-administratif', 2008, 1, '2025-09-01'),
  (8017, 5017, 'directeur-departement', 2009, 1, '2025-09-01'),
  (8018, 5018, 'vice-president-departement', 2009, 1, '2025-09-01'),
  (8019, 5019, 'directeur-departement', 2010, 1, '2025-09-01'),
  (8020, 5020, 'directeur-departement', 2011, 1, '2025-09-01'),
  (8021, 5021, 'directeur-departement', 2012, 1, '2025-09-01'),
  (8022, 5022, 'directeur-departement', 2013, 1, '2025-09-01'),
  (8023, 5023, 'directeur-adjoint-licence', 2002, 1, '2025-09-01'),
  (8024, 5024, 'responsable-service-pedagogique', 2002, 1, '2025-09-01'),
  (8025, 5025, 'responsable-adjoint-service-pedagogique', 2002, 1, '2025-09-01'),
  (8026, 5026, 'directeur-mention', 2014, 1, '2025-09-01'),
  (8027, 5027, 'responsable-annee', 2015, 1, '2025-09-01'),
  (8028, 5028, 'responsable-annee', 2014, 1, '2025-09-01'),
  (8029, 5029, 'responsable-annee', 2014, 1, '2025-09-01'),
  (8030, 5030, 'responsable-annee', 2014, 1, '2025-09-01'),
  (8031, 5031, 'responsable-annee', 2014, 1, '2025-09-01'),
  (8032, 5032, 'secretariat-pedagogique', 2015, 1, '2025-09-01'),
  (8033, 5033, 'secretariat-pedagogique', 2014, 1, '2025-09-01'),
  (8034, 5034, 'secretariat-pedagogique', 2014, 1, '2025-09-01'),
  (8035, 5035, 'secretariat-pedagogique', 2014, 1, '2025-09-01'),
  (8036, 5028, 'directeur-mention', 2020, 1, '2025-09-01'),
  (8037, 5027, 'responsable-annee', 2021, 1, '2025-09-01'),
  (8038, 5028, 'responsable-annee', 2020, 1, '2025-09-01'),
  (8039, 5029, 'responsable-annee', 2020, 1, '2025-09-01'),
  (8040, 5036, 'responsable-annee', 2020, 1, '2025-09-01'),
  (8041, 5037, 'responsable-annee', 2025, 1, '2025-09-01'),
  (8042, 5038, 'responsable-annee', 2027, 1, '2025-09-01'),
  (8043, 5039, 'responsable-annee', 2029, 1, '2025-09-01'),
  (8044, 5040, 'responsable-annee', 2031, 1, '2025-09-01'),
  (8045, 5032, 'secretariat-pedagogique', 2021, 1, '2025-09-01'),
  (8046, 5033, 'secretariat-pedagogique', 2020, 1, '2025-09-01'),
  (8047, 5034, 'secretariat-pedagogique', 2020, 1, '2025-09-01'),
  (8048, 5035, 'secretariat-pedagogique', 2020, 1, '2025-09-01'),
  (8049, 5041, 'directeur-mention', 2035, 1, '2025-09-01'),
  (8050, 5041, 'responsable-annee', 2035, 1, '2025-09-01'),
  (8051, 5042, 'responsable-annee', 2035, 1, '2025-09-01'),
  (8052, 5043, 'responsable-annee', 2035, 1, '2025-09-01'),
  (8053, 5033, 'secretariat-pedagogique', 2035, 1, '2025-09-01'),
  (8054, 5034, 'secretariat-pedagogique', 2035, 1, '2025-09-01'),
  (8055, 5035, 'secretariat-pedagogique', 2035, 1, '2025-09-01'),
  (8056, 5044, 'directeur-mention', 2039, 1, '2025-09-01'),
  (8057, 5027, 'responsable-annee', 2040, 1, '2025-09-01'),
  (8058, 5045, 'responsable-annee', 2042, 1, '2025-09-01'),
  (8059, 5045, 'responsable-annee', 2044, 1, '2025-09-01'),
  (8060, 5046, 'responsable-annee', 2046, 1, '2025-09-01'),
  (8061, 5046, 'responsable-annee', 2044, 1, '2025-09-01'),
  (8062, 5047, 'responsable-annee', 2044, 1, '2025-09-01'),
  (8063, 5032, 'secretariat-pedagogique', 2040, 1, '2025-09-01'),
  (8064, 5033, 'secretariat-pedagogique', 2039, 1, '2025-09-01'),
  (8065, 5048, 'secretariat-pedagogique', 2039, 1, '2025-09-01'),
  (8066, 5049, 'directeur-mention', 2053, 1, '2025-09-01'),
  (8067, 5027, 'responsable-annee', 2054, 1, '2025-09-01'),
  (8068, 5045, 'responsable-annee', 2053, 1, '2025-09-01'),
  (8069, 5050, 'responsable-annee', 2057, 1, '2025-09-01'),
  (8070, 5050, 'responsable-annee', 2059, 1, '2025-09-01'),
  (8071, 5049, 'responsable-annee', 2061, 1, '2025-09-01'),
  (8072, 5032, 'secretariat-pedagogique', 2054, 1, '2025-09-01'),
  (8073, 5033, 'secretariat-pedagogique', 2053, 1, '2025-09-01'),
  (8074, 5048, 'secretariat-pedagogique', 2053, 1, '2025-09-01'),
  (8075, 5051, 'directeur-etudes', 2065, 1, '2025-09-01'),
  (8076, 5034, 'secretariat-pedagogique', 2065, 1, '2025-09-01'),
  (8077, 5052, 'utilisateur-simple', 2002, 1, '2025-09-01'),
  (8078, 5053, 'responsable-adjoint-service-pedagogique', 2002, 1, '2025-09-01'),
  (8079, 5054, 'directeur-mention', 2066, 1, '2025-09-01'),
  (8080, 5055, 'responsable-annee', 2066, 1, '2025-09-01'),
  (8081, 5056, 'responsable-annee', 2068, 1, '2025-09-01'),
  (8082, 5057, 'responsable-annee', 2070, 1, '2025-09-01'),
  (8083, 5058, 'secretariat-pedagogique', 2066, 1, '2025-09-01'),
  (8084, 5059, 'directeur-mention', 2014, 1, '2025-09-01'),
  (8085, 5060, 'responsable-annee', 2014, 1, '2025-09-01'),
  (8086, 5059, 'responsable-annee', 2073, 1, '2025-09-01'),
  (8087, 5061, 'responsable-annee', 2075, 1, '2025-09-01'),
  (8088, 5062, 'secretariat-pedagogique', 2014, 1, '2025-09-01'),
  (8089, 5063, 'directeur-mention', 2077, 1, '2025-09-01'),
  (8090, 5064, 'responsable-annee', 2077, 1, '2025-09-01'),
  (8091, 5063, 'responsable-annee', 2079, 1, '2025-09-01'),
  (8092, 5065, 'responsable-annee', 2081, 1, '2025-09-01'),
  (8093, 5066, 'secretariat-pedagogique', 2077, 1, '2025-09-01'),
  (8094, 5067, 'directeur-mention', 2020, 1, '2025-09-01'),
  (8095, 5067, 'responsable-annee', 2020, 1, '2025-09-01'),
  (8096, 5042, 'responsable-annee', 2084, 1, '2025-09-01'),
  (8097, 5068, 'responsable-annee', 2086, 1, '2025-09-01'),
  (8098, 5062, 'secretariat-pedagogique', 2020, 1, '2025-09-01'),
  (8099, 5069, 'directeur-mention', 2089, 1, '2025-09-01'),
  (8100, 5069, 'responsable-annee', 2089, 1, '2025-09-01'),
  (8101, 5070, 'responsable-annee', 2089, 1, '2025-09-01'),
  (8102, 5066, 'secretariat-pedagogique', 2088, 1, '2025-09-01'),
  (8103, 5071, 'directeur-mention', 2092, 1, '2025-09-01'),
  (8104, 5071, 'responsable-annee', 2093, 1, '2025-09-01'),
  (8105, 5072, 'secretariat-pedagogique', 2092, 1, '2025-09-01'),
  (8106, 5073, 'directeur-mention', 2095, 1, '2025-09-01'),
  (8107, 5074, 'responsable-annee', 2096, 1, '2025-09-01'),
  (8108, 5075, 'responsable-annee', 2098, 1, '2025-09-01'),
  (8109, 5074, 'responsable-annee', 2100, 1, '2025-09-01'),
  (8110, 5049, 'responsable-annee', 2102, 1, '2025-09-01'),
  (8111, 5076, 'responsable-annee', 2104, 1, '2025-09-01'),
  (8112, 5077, 'responsable-annee', 2106, 1, '2025-09-01'),
  (8113, 5072, 'secretariat-pedagogique', 2095, 1, '2025-09-01'),
  (8114, 5078, 'directeur-adjoint-ecole', 2002, 1, '2025-09-01'),
  (8115, 5079, 'responsable-service-pedagogique', 2002, 1, '2025-09-01'),
  (8116, 5080, 'responsable-adjoint-service-pedagogique', 2002, 1, '2025-09-01'),
  (8117, 5081, 'responsable-qualite', 2108, 1, '2025-09-01'),
  (8118, 5018, 'responsable-international', 2108, 1, '2025-09-01'),
  (8119, 5082, 'referent-commun', 2108, 1, '2025-09-01'),
  (8120, 5081, 'referent-commun', 2108, 1, '2025-09-01'),
  (8121, 5082, 'utilisateur-simple', 2109, 1, '2025-09-01'),
  (8122, 5083, 'utilisateur-simple', 2109, 1, '2025-09-01'),
  (8123, 5084, 'responsable-annee', 2109, 1, '2025-09-01'),
  (8124, 5083, 'responsable-annee', 2109, 1, '2025-09-01'),
  (8125, 5085, 'secretariat-pedagogique', 2109, 1, '2025-09-01'),
  (8126, 5086, 'utilisateur-simple', 2108, 1, '2025-09-01'),
  (8127, 5087, 'utilisateur-simple', 2108, 1, '2025-09-01'),
  (8128, 5088, 'responsable-annee', 2108, 1, '2025-09-01'),
  (8129, 5089, 'responsable-annee', 2108, 1, '2025-09-01'),
  (8130, 5087, 'responsable-annee', 2108, 1, '2025-09-01'),
  (8131, 5080, 'secretariat-pedagogique', 2108, 1, '2025-09-01'),
  (8132, 5090, 'directeur-specialite', 2116, 1, '2025-09-01'),
  (8133, 5091, 'directeur-specialite', 2117, 1, '2025-09-01'),
  (8134, 5092, 'responsable-annee', 2117, 1, '2025-09-01'),
  (8135, 5093, 'responsable-annee', 2117, 1, '2025-09-01'),
  (8136, 5094, 'responsable-annee', 2117, 1, '2025-09-01'),
  (8137, 5095, 'directeur-specialite', 2121, 1, '2025-09-01'),
  (8138, 5096, 'responsable-annee', 2121, 1, '2025-09-01'),
  (8139, 5097, 'responsable-annee', 2121, 1, '2025-09-01'),
  (8140, 5091, 'responsable-annee', 2121, 1, '2025-09-01'),
  (8141, 5098, 'secretariat-pedagogique', 2116, 1, '2025-09-01'),
  (8142, 5099, 'directeur-specialite', 2014, 1, '2025-09-01'),
  (8143, 5100, 'directeur-specialite', 2125, 1, '2025-09-01'),
  (8144, 5101, 'responsable-annee', 2125, 1, '2025-09-01'),
  (8145, 5102, 'responsable-annee', 2125, 1, '2025-09-01'),
  (8146, 5100, 'responsable-annee', 2125, 1, '2025-09-01'),
  (8147, 5103, 'directeur-specialite', 2129, 1, '2025-09-01'),
  (8148, 5104, 'responsable-annee', 2129, 1, '2025-09-01'),
  (8149, 5105, 'responsable-annee', 2129, 1, '2025-09-01'),
  (8150, 5103, 'responsable-annee', 2129, 1, '2025-09-01'),
  (8151, 5106, 'secretariat-pedagogique', 2014, 1, '2025-09-01'),
  (8152, 5107, 'directeur-specialite', 2133, 1, '2025-09-01'),
  (8153, 5108, 'directeur-specialite', 2134, 1, '2025-09-01'),
  (8154, 5109, 'responsable-annee', 2134, 1, '2025-09-01'),
  (8155, 5110, 'responsable-annee', 2134, 1, '2025-09-01'),
  (8156, 5111, 'responsable-annee', 2134, 1, '2025-09-01'),
  (8157, 5112, 'secretariat-pedagogique', 2133, 1, '2025-09-01'),
  (8158, 5113, 'directeur-specialite', 2138, 1, '2025-09-01'),
  (8159, 5114, 'directeur-specialite', 2139, 1, '2025-09-01'),
  (8160, 5115, 'responsable-annee', 2139, 1, '2025-09-01'),
  (8161, 5116, 'responsable-annee', 2139, 1, '2025-09-01'),
  (8162, 5117, 'responsable-annee', 2139, 1, '2025-09-01'),
  (8163, 5085, 'secretariat-pedagogique', 2138, 1, '2025-09-01'),
  (8164, 5118, 'directeur-specialite', 2143, 1, '2025-09-01'),
  (8165, 5119, 'directeur-specialite', 2144, 1, '2025-09-01'),
  (8166, 5120, 'responsable-annee', 2144, 1, '2025-09-01'),
  (8167, 5121, 'responsable-annee', 2144, 1, '2025-09-01'),
  (8168, 5122, 'responsable-annee', 2144, 1, '2025-09-01'),
  (8169, 5112, 'secretariat-pedagogique', 2143, 1, '2025-09-01'),
  (8170, 5123, 'responsable-annee', 2150, 1, '2025-09-01'),
  (8171, 5124, 'responsable-annee', 2150, 1, '2025-09-01'),
  (8172, 5125, 'responsable-annee', 2150, 1, '2025-09-01'),
  (8173, 5126, 'secretariat-pedagogique', 2150, 1, '2025-09-01'),
  (8174, 5127, 'responsable-annee', 2155, 1, '2025-09-01'),
  (8175, 5128, 'responsable-annee', 2155, 1, '2025-09-01'),
  (8176, 5129, 'secretariat-pedagogique', 2155, 1, '2025-09-01'),
  (8177, 5130, 'responsable-annee', 2160, 1, '2025-09-01'),
  (8178, 5131, 'responsable-annee', 2160, 1, '2025-09-01'),
  (8179, 5132, 'responsable-annee', 2160, 1, '2025-09-01'),
  (8180, 5126, 'secretariat-pedagogique', 2160, 1, '2025-09-01'),
  (8181, 5133, 'utilisateur-simple', 2165, 1, '2025-09-01'),
  (8182, 5134, 'directeur-departement', 2170, 1, '2025-09-01'),
  (8183, 5126, 'secretariat-pedagogique', 2176, 1, '2025-09-01'),
  (8184, 5135, 'responsable-annee', 2177, 1, '2025-09-01'),
  (8185, 5136, 'responsable-annee', 2179, 1, '2025-09-01'),
  (8186, 5137, 'responsable-annee', 2183, 1, '2025-09-01'),
  (8187, 5138, 'responsable-annee', 2187, 1, '2025-09-01'),
  (8188, 5139, 'secretariat-pedagogique', 2193, 1, '2025-09-01'),
  (8189, 5140, 'secretariat-pedagogique', 2193, 1, '2025-09-01'),
  (8190, 5141, 'responsable-annee', 2195, 1, '2025-09-01'),
  (8191, 5142, 'responsable-annee', 2195, 1, '2025-09-01'),
  (8192, 5143, 'responsable-annee', 2197, 1, '2025-09-01'),
  (8193, 5144, 'responsable-annee', 2197, 1, '2025-09-01'),
  (8194, 5143, 'responsable-annee', 2199, 1, '2025-09-01'),
  (8195, 5144, 'responsable-annee', 2199, 1, '2025-09-01'),
  (8196, 5145, 'responsable-annee', 2202, 1, '2025-09-01'),
  (8197, 5145, 'responsable-annee', 2205, 1, '2025-09-01'),
  (8198, 5142, 'responsable-annee', 2207, 1, '2025-09-01'),
  (8199, 5146, 'responsable-annee', 2207, 1, '2025-09-01'),
  (8200, 5142, 'responsable-annee', 2210, 1, '2025-09-01'),
  (8201, 5146, 'responsable-annee', 2210, 1, '2025-09-01'),
  (8202, 5147, 'responsable-annee', 2213, 1, '2025-09-01'),
  (8203, 5148, 'secretariat-pedagogique', 2213, 1, '2025-09-01');
SELECT setval(pg_get_serial_sequence('affectation','id_affectation'), 8204);

INSERT INTO contact_role (id_contact_role, id_affectation, email_fonctionnelle, type_email) VALUES
  (9000, 8000, 'doyen.ufrdsps@univ-paris13.fr', 'fonctionnel'),
  (9001, 8001, 'da.dsps@univ-paris13.fr', 'fonctionnel'),
  (9002, 8002, 'direction.lshs@univ-paris13.fr', 'fonctionnel'),
  (9003, 8003, 'da.llshs@univ-paris13.fr', 'fonctionnel'),
  (9004, 8004, 'directeur.galilee@univ-paris13.fr', 'fonctionnel'),
  (9005, 8005, 'da.ig@univ-paris13.fr', 'fonctionnel'),
  (9006, 8006, 'direction.iutsd@univ-paris13.fr', 'fonctionnel'),
  (9007, 8008, 'da.iutv@univ-paris13.fr', 'fonctionnel'),
  (9008, 8009, 'directrice.smbh@univ-paris13.fr', 'fonctionnel'),
  (9009, 8010, 'da.smbh@univ-paris13.fr', 'fonctionnel'),
  (9010, 8012, 'da.sic@univ-paris13.fr', 'fonctionnel'),
  (9011, 8014, 'da.seg@univ-paris13.fr', 'fonctionnel'),
  (9012, 8015, 'directeur.iutb@univ-paris13.fr', 'fonctionnel'),
  (9013, 8016, 'da.iutb@univ-paris13.fr', 'fonctionnel'),
  (9014, 8017, 'departement.informatique.galilee@univ-paris13.fr', 'fonctionnel'),
  (9015, 8018, 'departement.informatique.galilee@univ-paris13.fr', 'fonctionnel'),
  (9016, 8024, 'licence-master.ig@univ-paris13.fr', 'fonctionnel'),
  (9017, 8025, 'licence.galilee@univ-paris13.fr', 'fonctionnel'),
  (9018, 8032, 'licence1.amg.galilee@univ-paris13.fr', 'fonctionnel'),
  (9019, 8033, 'licence1.galilee@univ-paris13.fr', 'fonctionnel'),
  (9020, 8034, 'licence2.info.galilee@univ-paris13.fr', 'fonctionnel'),
  (9021, 8035, 'licence3.info.galilee@univ-paris13.fr', 'fonctionnel'),
  (9022, 8045, 'licence1.amg.galilee@univ-paris13.fr', 'fonctionnel'),
  (9023, 8046, 'licence1.galilee@univ-paris13.fr', 'fonctionnel'),
  (9024, 8047, 'licence2.maths.galilee@univ-paris13.fr', 'fonctionnel'),
  (9025, 8048, 'licence3.maths.galilee@univ-paris13.fr', 'fonctionnel'),
  (9026, 8053, 'licence1.galilee@univ-paris13.fr', 'fonctionnel'),
  (9027, 8054, 'licence2.info.galilee@univ-paris13.fr', 'fonctionnel'),
  (9028, 8055, 'licence3.info.galilee@univ-paris13.fr', 'fonctionnel'),
  (9029, 8063, 'licence1.amg.galilee@univ-paris13.fr', 'fonctionnel'),
  (9030, 8064, 'licence1.galilee@univ-paris13.fr', 'fonctionnel'),
  (9031, 8065, 'pc.licence.galilee@univ-paris13.fr', 'fonctionnel'),
  (9032, 8072, 'licence1.amg.galilee@univ-paris13.fr', 'fonctionnel'),
  (9033, 8073, 'licence1.galilee@univ-paris13.fr', 'fonctionnel'),
  (9034, 8074, 'pc.licence.galilee@univ-paris13.fr', 'fonctionnel'),
  (9035, 8076, 'cumulatif.galilee@univ-paris13.fr', 'fonctionnel'),
  (9036, 8078, 'master.galilee@univ-paris13.fr', 'fonctionnel'),
  (9037, 8083, 'gp.master.galilee@univ-paris13.fr', 'fonctionnel'),
  (9038, 8088, 'info.master.galilee@univ-paris13.fr', 'fonctionnel'),
  (9039, 8093, 'm3ir.master.galilee@univ-paris13.fr', 'fonctionnel'),
  (9040, 8098, 'math.master.galilee@univ-paris13.fr', 'fonctionnel'),
  (9041, 8102, 'meef.master.galilee@univ-paris13.fr', 'fonctionnel'),
  (9042, 8105, 'tq.master.galilee@univ-paris13.fr', 'fonctionnel'),
  (9043, 8113, 'sgm.master.galilee@univ-paris13.fr', 'fonctionnel'),
  (9044, 8114, 'direction.sup.galilee@univ-paris13.fr', 'fonctionnel'),
  (9045, 8115, 'administration.sup.galilee@univ-paris13.fr', 'fonctionnel'),
  (9046, 8117, 'resp.qualite.sup.galilee@univ-paris13.fr', 'fonctionnel'),
  (9047, 8119, 'communication.sup.galilee@univ-paris13.fr', 'fonctionnel'),
  (9048, 8120, 'resp.qualite.sup.galilee@univ-paris13.fr', 'fonctionnel'),
  (9049, 8121, 'direction.cycleprepa.sup.galilee@univ-paris13.fr', 'fonctionnel'),
  (9050, 8125, 'cycle-prepa.sup.galilee@univ-paris13.fr', 'fonctionnel'),
  (9051, 8131, 'courscommuns.sup.galilee@univ-paris13.fr', 'fonctionnel'),
  (9052, 8141, 'energetique.sup.galilee@univ-paris13.fr', 'fonctionnel'),
  (9053, 8151, 'informatique.sup.galilee@univ-paris13.fr', 'fonctionnel'),
  (9054, 8157, 'instrumentation.sup.galilee@univ-paris13.fr', 'fonctionnel'),
  (9055, 8163, 'macs.sup.galilee@univ-paris13.fr', 'fonctionnel'),
  (9056, 8169, 'telecom.sup.galilee@univ-paris13.fr', 'fonctionnel'),
  (9057, 8173, 'cs.iutb@univ-paris13.fr', 'fonctionnel'),
  (9058, 8180, 'cs.iutb@univ-paris13.fr', 'fonctionnel'),
  (9059, 8183, 'gea.iutb@univ-paris13.fr', 'fonctionnel'),
  (9060, 8188, 'capp-mmi.iutb@univ-paris13.fr', 'fonctionnel'),
  (9061, 8189, 'capp-mmi.iutb@univ-paris13.fr', 'fonctionnel'),
  (9062, 8203, 'lp.mmi.iutb@univ-paris13.fr', 'fonctionnel');
SELECT setval(pg_get_serial_sequence('contact_role','id_contact_role'), 9063);

-- Utilisateurs de démo
INSERT INTO utilisateur (id_user, login, nom, prenom, statut) VALUES
  (5149, 'sc.admin', 'Admin', 'Services', 'ACTIF'),
  (5150, 'dsi.tech', 'Tech', 'DSI', 'ACTIF');
SELECT setval(pg_get_serial_sequence('utilisateur','id_user'), 5151);
INSERT INTO affectation (id_user, id_role, id_entite, id_annee, date_debut) VALUES
  (5149, 'services-centraux', 2000, 1, '2025-09-01'),
  (5150, 'administrateur', 2000, 1, '2025-09-01');

-- Renseigne un N+1 de démonstration en privilégiant un responsable de la même entité,
-- puis le responsable le plus proche sur la chaîne d'entités parente.
WITH RECURSIVE entite_ancestors AS (
  SELECT
    e.id_entite AS source_entite,
    e.id_entite AS ancestor_entite,
    0 AS depth
  FROM entite_structure e
  UNION ALL
  SELECT
    ancestors.source_entite,
    parent.id_entite AS ancestor_entite,
    ancestors.depth + 1
  FROM entite_ancestors ancestors
  JOIN entite_structure current ON current.id_entite = ancestors.ancestor_entite
  JOIN entite_structure parent ON parent.id_entite = current.id_entite_parent
),
ranked_supervisors AS (
  SELECT
    child.id_affectation AS child_id,
    supervisor.id_affectation AS supervisor_id,
    ROW_NUMBER() OVER (
      PARTITION BY child.id_affectation
      ORDER BY
        CASE WHEN ancestors.depth = 0 THEN 0 ELSE 1 END,
        ancestors.depth ASC,
        CASE
          WHEN ancestors.depth = 0 THEN supervisor_role.niveau_hierarchique
        END DESC NULLS LAST,
        CASE
          WHEN ancestors.depth > 0 THEN supervisor_role.niveau_hierarchique
        END ASC NULLS LAST,
        supervisor.id_affectation ASC
    ) AS rn
  FROM affectation child
  JOIN role child_role ON child_role.id_role = child.id_role
  JOIN entite_ancestors ancestors ON ancestors.source_entite = child.id_entite
  JOIN affectation supervisor
    ON supervisor.id_annee = child.id_annee
    AND supervisor.id_entite = ancestors.ancestor_entite
    AND supervisor.id_affectation <> child.id_affectation
  JOIN role supervisor_role ON supervisor_role.id_role = supervisor.id_role
  WHERE child.id_role NOT IN ('services-centraux', 'administrateur', 'lecture-seule')
    AND supervisor.id_role NOT IN ('services-centraux', 'administrateur', 'utilisateur-simple', 'lecture-seule')
    AND supervisor.id_role NOT LIKE '%secretariat%'
    AND supervisor.id_role NOT LIKE '%assistante%'
    AND supervisor.id_role NOT LIKE '%assistant%'
    AND supervisor.id_role NOT LIKE '%gestionnaire%'
    AND supervisor.id_role NOT LIKE '%coordonnatrice%'
    AND supervisor.id_role NOT LIKE '%coordinatrice%'
    AND supervisor.id_role NOT LIKE '%coordonatrice%'
    AND supervisor.id_role NOT LIKE '%contact%'
    AND (
      (ancestors.depth = 0 AND supervisor_role.niveau_hierarchique < child_role.niveau_hierarchique)
      OR ancestors.depth > 0
    )
)
UPDATE affectation target
SET id_affectation_n_plus_1 = ranked.supervisor_id
FROM ranked_supervisors ranked
WHERE ranked.rn = 1
  AND target.id_affectation = ranked.child_id;

COMMIT;

SELECT 'Seed terminé' as status,
  (SELECT count(*) FROM composante) as composantes,
  (SELECT count(*) FROM utilisateur) as utilisateurs,
  (SELECT count(*) FROM affectation) as affectations;
